# Blender 3.1.0
# www.blender.org
mtllib klar2.mtl
o Plane.005
v -0.806765 0.816340 2.015836
v 0.050799 0.935730 2.014992
v -0.791984 0.739055 2.014322
v 0.056599 0.905403 2.014398
v -0.841126 0.844591 2.007747
v 0.022859 0.880368 2.007747
v -0.845057 0.939536 2.009576
v 0.019747 0.955515 2.009195
v -0.073868 0.949240 2.013275
v 0.772510 1.126467 2.013352
v -0.064430 0.903110 2.012369
v 0.793073 1.025959 2.011377
v -0.826877 1.129146 2.019040
v 0.023413 0.971806 2.019040
v 0.009872 0.898628 2.017608
v -0.842592 1.044216 2.017378
v -0.061142 0.981564 2.018126
v 0.796541 0.871435 2.018126
v 0.787064 0.797622 2.016693
v -0.072142 0.895896 2.016463
v -0.099629 -0.397875 2.689059
v 0.085422 -0.397875 2.689059
v -0.099629 -0.212957 2.682032
v 0.085422 -0.212957 2.682032
v 0.864636 1.018878 0.044994
v 0.956428 -0.707449 -0.165689
v 0.863908 0.992240 1.117611
v 0.956428 -0.654963 0.927900
v -0.865099 1.029097 0.076889
v -0.956405 -0.729839 -0.178283
v -0.865828 1.015234 1.189377
v -0.956405 -0.671846 0.918403
v 0.000012 -0.877062 -0.434379
v 0.000012 -0.835126 1.127932
v -0.000636 1.225183 -0.067067
v 1.126418 0.155924 -0.320728
v -1.126557 0.179915 1.373985
v 1.126256 0.173102 1.352721
v -1.126395 0.157627 -0.315413
v 0.000012 0.166509 -0.780393
v -0.000636 0.169395 1.831795
v -0.002579 1.183104 1.359018
v -0.995636 -0.749649 0.043017
v -1.015113 -0.746953 0.362916
v -0.995636 -0.714516 0.687087
v -0.306891 -0.872517 -0.416864
v -0.587216 -0.847448 -0.363398
v -0.814838 -0.792519 -0.274643
v 1.125903 -0.132773 -0.334861
v 1.090324 -0.392985 -0.309476
v 1.024765 -0.592308 -0.244491
v -1.091851 0.446204 1.396120
v -1.027346 0.690363 1.363856
v -0.942547 0.889882 1.282624
v 1.125835 -0.089258 1.290121
v 1.090304 -0.334236 1.180380
v 1.024762 -0.534381 1.045656
v -1.125880 -0.132055 -0.332619
v -1.090301 -0.398006 -0.311755
v -1.024741 -0.608026 -0.253264
v 0.894750 1.045288 0.263157
v 0.909364 1.052908 0.577231
v 0.894318 1.029223 0.894197
v 0.306914 -0.817118 1.115269
v 0.587240 -0.772542 1.072969
v 0.814861 -0.712185 1.002850
v -0.895843 1.051386 0.963369
v -0.910403 1.071999 0.636814
v -0.895411 1.059611 0.307858
v 0.271975 1.207591 -0.069937
v 0.523289 1.159751 -0.057693
v 0.731558 1.088089 -0.015185
v 0.995660 -0.690701 0.700483
v 1.015136 -0.718156 0.379115
v 0.995660 -0.722565 0.058252
v 0.814861 -0.770583 -0.262304
v 0.587240 -0.830242 -0.353719
v 0.306914 -0.865668 -0.413064
v -0.814838 -0.729867 0.992904
v -0.587217 -0.787621 1.064487
v -0.306891 -0.823716 1.111478
v -0.732204 1.096196 0.010114
v -0.524212 1.165038 -0.041191
v -0.273143 1.210167 -0.061893
v 0.000012 -0.158728 -0.820220
v 0.000012 -0.461787 -0.792365
v 0.000012 -0.710999 -0.671237
v 0.000012 -0.917080 -0.074817
v 0.000012 -0.890901 0.349170
v 0.000012 -0.888510 0.763765
v -0.000262 -0.132935 1.767377
v -0.000069 -0.419894 1.630287
v 0.000001 -0.667665 1.415970
v 0.941672 0.893703 -0.067850
v 1.026808 0.690912 -0.185006
v 1.091555 0.438076 -0.270722
v -1.024744 -0.541287 1.042044
v -1.090321 -0.333384 1.183039
v -1.125948 -0.086383 1.299092
v 0.941023 0.867781 1.213645
v 1.026323 0.671769 1.305823
v 1.091247 0.433447 1.356305
v -0.941898 0.901836 -0.042468
v -1.026862 0.696413 -0.167840
v -1.091542 0.441371 -0.260436
v -0.000262 1.037463 -0.342437
v -0.000069 0.785026 -0.547485
v 0.000001 0.487998 -0.690655
v 0.918431 0.173422 1.608396
v 0.647230 0.171622 1.751657
v 0.333819 0.169635 1.815219
v -0.918714 0.157886 -0.569893
v -0.647672 0.161064 -0.709527
v -0.334390 0.164745 -0.768349
v 0.334414 0.164718 -0.768432
v 0.647695 0.160851 -0.710192
v 0.918737 0.157167 -0.572136
v 1.253137 0.158639 0.059811
v 1.295359 0.163866 0.514235
v 1.253071 0.169417 0.969539
v -1.253185 0.175671 0.989059
v -1.295377 0.168763 0.529518
v -1.253118 0.161860 0.069861
v -0.334985 0.172137 1.823027
v -0.648138 0.176306 1.766276
v -0.919020 0.179649 1.627832
v -0.001213 0.468834 1.828624
v -0.001851 0.748568 1.753366
v -0.002367 0.992142 1.599129
v -0.274932 1.173982 1.364171
v -0.525649 1.137079 1.338184
v -0.733243 1.076353 1.271803
v -0.001213 1.332069 0.278513
v -0.001851 1.358055 0.659976
v -0.002367 1.307085 1.034439
v 0.270186 1.164100 1.333328
v 0.521852 1.119337 1.282809
v 0.730519 1.054358 1.203157
v 0.890117 0.443057 1.605987
v 0.839760 0.691414 1.536392
v 0.778302 0.899913 1.403617
v 0.627312 0.454119 1.746182
v 0.593426 0.716987 1.667681
v 0.554026 0.943556 1.514816
v 0.323306 0.463551 1.809616
v 0.306065 0.738028 1.730723
v 0.286659 0.976857 1.573711
v 0.721019 1.167530 0.269369
v 0.507798 1.256377 0.263839
v 0.261860 1.311715 0.269039
v 0.723099 1.185206 0.597110
v 0.504235 1.278905 0.620641
v 0.258320 1.336404 0.643441
v 0.720392 1.147476 0.924325
v 0.506941 1.232401 0.973754
v 0.260798 1.285895 1.012015
v -1.214002 0.439642 1.018487
v -1.138828 0.683544 1.014658
v -1.032328 0.890157 0.984804
v -1.254608 0.435872 0.566399
v -1.175307 0.683575 0.595662
v -1.060544 0.897819 0.618518
v -1.213875 0.435698 0.115000
v -1.138620 0.685618 0.177576
v -1.032022 0.895741 0.252218
v 0.301218 -0.910644 -0.060850
v 0.579511 -0.886310 -0.025632
v 0.814273 -0.826763 0.022027
v 0.299595 -0.890057 0.353052
v 0.579139 -0.877204 0.358309
v 0.820753 -0.826715 0.364639
v 0.301218 -0.878932 0.758284
v 0.579511 -0.851343 0.737390
v 0.814273 -0.792198 0.706919
v 1.213878 0.429567 0.095866
v 1.138539 0.676020 0.147622
v 1.031731 0.882920 0.212203
v 1.254540 0.426629 0.537553
v 1.175100 0.669620 0.552110
v 1.060036 0.880195 0.563513
v 1.213750 0.427904 0.981855
v 1.138331 0.666262 0.960720
v 1.031425 0.869216 0.919446
v 0.324421 0.482554 -0.682170
v 0.307702 0.775484 -0.541959
v 0.288595 1.023677 -0.340423
v 0.628187 0.469245 -0.633018
v 0.594716 0.751133 -0.502420
v 0.555568 0.987034 -0.313085
v 0.890695 0.452689 -0.507772
v 0.840630 0.719052 -0.395358
v 0.779380 0.936021 -0.233129
v -0.890682 0.454130 -0.503273
v -0.840698 0.721781 -0.386841
v -0.779656 0.940875 -0.217979
v -0.628178 0.469717 -0.631547
v -0.594814 0.752295 -0.498793
v -0.555949 0.989677 -0.304837
v -0.324416 0.482643 -0.681893
v -0.307828 0.775869 -0.540757
v -0.289075 1.024816 -0.336869
v -0.814250 -0.856582 0.005265
v -0.579488 -0.911355 -0.039486
v -0.301195 -0.920941 -0.066407
v -0.820730 -0.859742 0.345963
v -0.579116 -0.905874 0.342017
v -0.299572 -0.902747 0.345855
v -0.814250 -0.820233 0.691128
v -0.579488 -0.874764 0.723757
v -0.301195 -0.888779 0.752395
v -0.264088 1.316488 0.283933
v -0.509550 1.265572 0.292537
v -0.722198 1.180301 0.309226
v -0.261720 1.343581 0.665840
v -0.506917 1.292248 0.662283
v -0.724918 1.202753 0.651875
v -0.265150 1.294994 1.040411
v -0.510406 1.248901 1.025252
v -0.722826 1.168319 0.989379
v 0.849934 -0.566172 1.231905
v 0.893148 -0.352567 1.411789
v 0.918674 -0.098084 1.541056
v 0.608273 -0.612878 1.341599
v 0.632668 -0.382602 1.546821
v 0.647926 -0.113191 1.684761
v 0.316941 -0.651189 1.399281
v 0.327630 -0.408891 1.612510
v 0.334511 -0.127128 1.750636
v -0.849915 -0.647105 -0.454979
v -0.893163 -0.423578 -0.552814
v -0.918780 -0.144339 -0.587846
v -0.608258 -0.685764 -0.581533
v -0.632703 -0.446180 -0.698986
v -0.648099 -0.152824 -0.735444
v -0.316927 -0.705908 -0.650251
v -0.327682 -0.458482 -0.772239
v -0.334738 -0.157397 -0.803639
v 0.316950 -0.701592 -0.647825
v 0.327705 -0.456579 -0.771178
v 0.334761 -0.157408 -0.803674
v 0.608281 -0.675262 -0.575634
v 0.632726 -0.442301 -0.696872
v 0.648122 -0.152914 -0.735724
v 0.849938 -0.633494 -0.447352
v 0.893186 -0.419395 -0.550691
v 0.918803 -0.144642 -0.588792
v 1.124541 -0.572386 0.051740
v 1.209416 -0.369561 0.036174
v 1.252119 -0.118073 0.038254
v 1.157034 -0.558261 0.404775
v 1.248765 -0.351188 0.439159
v 1.294140 -0.103425 0.478670
v 1.124540 -0.539851 0.756303
v 1.209408 -0.337258 0.840212
v 1.252091 -0.092120 0.918686
v -1.124519 -0.552936 0.749192
v -1.209402 -0.338059 0.841761
v -1.252126 -0.089481 0.926921
v -1.157011 -0.576881 0.394497
v -1.248747 -0.356207 0.437902
v -1.294135 -0.101359 0.485117
v -1.124518 -0.591125 0.041328
v -1.209394 -0.376054 0.033551
v -1.252098 -0.116787 0.042453
v -0.316936 -0.653826 1.397897
v -0.327756 -0.408578 1.613486
v -0.334989 -0.126073 1.753929
v -0.608265 -0.617981 1.338916
v -0.632761 -0.382016 1.548648
v -0.648296 -0.111215 1.690928
v -0.849920 -0.571509 1.229151
v -0.893201 -0.351788 1.414219
v -0.918909 -0.095457 1.549255
v -0.325532 0.468277 1.824366
v -0.309464 0.745190 1.753073
v -0.291011 0.985953 1.602102
v -0.629052 0.462944 1.773723
v -0.596104 0.730205 1.708935
v -0.557490 0.960041 1.566265
v -0.891260 0.454742 1.642456
v -0.841568 0.708604 1.590043
v -0.780734 0.920712 1.468531
v 0.334472 1.288428 1.672529
v 0.338621 0.690828 1.901876
v -0.334743 1.283384 1.677536
v -0.339565 0.669901 1.922649
v -0.000206 1.339494 1.744574
v 0.420724 1.251123 1.293429
v -0.341021 0.456832 1.679997
v 0.340722 0.462379 1.674492
v -0.420911 1.250282 1.294263
v -0.000093 1.342221 1.243547
v -0.000318 0.357344 1.730677
v -0.001103 0.670851 2.024897
v 0.421904 1.006543 1.823965
v -0.422427 0.988386 1.841988
v 0.570597 0.859214 1.488432
v -0.570784 0.854675 1.492937
v -0.000767 1.037684 1.974411
v 0.416001 1.202622 1.194453
v 0.397451 1.145024 1.111056
v -0.348095 0.499652 1.767425
v -0.352784 0.558344 1.837492
v -0.349053 0.621212 1.890656
v -0.416187 1.202267 1.194805
v -0.397638 1.144919 1.111160
v 0.418586 0.914508 1.852329
v 0.400298 0.826194 1.875170
v 0.369249 0.746817 1.892450
v -0.411093 1.083223 1.804072
v -0.388658 1.169977 1.760873
v -0.359928 1.240254 1.714987
v 0.100746 1.336912 1.737653
v 0.195803 1.326833 1.719974
v 0.278349 1.308609 1.695128
v -0.278651 1.304609 1.699099
v -0.196154 1.324224 1.722565
v -0.101139 1.335640 1.738916
v -0.000093 1.293694 1.120530
v -0.000093 1.229856 1.015278
v 0.359759 1.297224 1.607626
v 0.388435 1.297625 1.511558
v 0.410430 1.282939 1.402704
v 0.348288 0.640492 1.871518
v 0.352222 0.573902 1.822048
v 0.347689 0.510091 1.757063
v -0.359988 1.293211 1.611610
v -0.388634 1.294911 1.514253
v -0.410618 1.281312 1.404319
v -0.000141 1.372283 1.636616
v -0.000107 1.382879 1.510840
v -0.000095 1.372463 1.376675
v 0.257903 0.409682 1.700710
v 0.172980 0.377902 1.717795
v 0.086668 0.362102 1.727274
v -0.331272 1.299587 1.267981
v -0.228291 1.327309 1.252587
v -0.116416 1.339502 1.245352
v 0.116229 1.339515 1.245339
v 0.228104 1.327414 1.252483
v 0.331085 1.299942 1.267629
v 0.541534 0.743930 1.542923
v 0.488928 0.635038 1.593625
v 0.419689 0.539025 1.638244
v -0.571076 0.970768 1.436233
v -0.544085 1.080022 1.381669
v -0.492975 1.175504 1.333071
v -0.087266 0.360361 1.729002
v -0.173489 0.374562 1.721111
v -0.258302 0.405026 1.705333
v -0.000519 0.415332 1.836140
v -0.000753 0.491083 1.922045
v -0.000965 0.578341 1.985821
v -0.109983 0.667610 2.016970
v -0.208994 0.666372 1.990623
v -0.289019 0.667334 1.954686
v -0.000930 0.946604 2.006865
v -0.001061 0.855273 2.030112
v -0.001129 0.763439 2.038130
v 0.107937 0.675709 2.008931
v 0.207320 0.681237 1.975867
v 0.287764 0.686528 1.935634
v 0.359624 1.247458 1.707837
v 0.388293 1.180477 1.750450
v 0.410653 1.097586 1.789815
v -0.370087 0.724421 1.914682
v -0.401011 0.803437 1.897759
v -0.419196 0.893318 1.873363
v 0.492789 1.177112 1.331474
v 0.543899 1.082586 1.379124
v 0.570890 0.974351 1.432677
v -0.419923 0.533116 1.644110
v -0.489129 0.629238 1.599381
v -0.541722 0.738618 1.548195
v -0.000309 1.284497 1.827863
v -0.000444 1.211967 1.889921
v -0.000600 1.127748 1.936766
v 0.551933 0.825680 1.392411
v -0.334344 1.009631 1.900681
v -0.231440 1.023937 1.943106
v -0.118616 1.032793 1.968077
v 0.491123 0.976171 1.752052
v 0.539587 0.938483 1.670669
v 0.566382 0.897993 1.582050
v -0.491452 0.959503 1.768597
v -0.539816 0.925433 1.683623
v -0.566574 0.889411 1.590569
v 0.117193 1.039460 1.961459
v 0.230286 1.036420 1.930715
v 0.333520 1.026227 1.884207
v 0.264891 0.461135 1.788410
v 0.273467 0.530629 1.856832
v 0.279435 0.607821 1.906781
v 0.178539 0.432992 1.812921
v 0.187466 0.507013 1.888157
v 0.196969 0.591887 1.942985
v 0.089642 0.419639 1.829277
v 0.095061 0.495587 1.911476
v 0.101505 0.583141 1.972020
v 0.334255 0.937217 1.910956
v 0.232335 0.947553 1.958899
v 0.118622 0.949443 1.992217
v 0.324517 0.849946 1.930688
v 0.228177 0.858787 1.978792
v 0.117240 0.859025 2.014036
v 0.305984 0.766307 1.941072
v 0.218742 0.770265 1.986280
v 0.113448 0.767914 2.021477
v -0.563845 1.004508 1.536731
v -0.533363 1.034788 1.635254
v -0.481782 1.061113 1.726201
v -0.534663 1.112796 1.484475
v -0.504101 1.137207 1.586931
v -0.454996 1.155041 1.681353
v -0.482487 1.207328 1.438637
v -0.455223 1.225794 1.544081
v -0.414409 1.233875 1.639176
v 0.540794 0.784514 1.631891
v 0.521024 0.831515 1.712868
v 0.480766 0.877380 1.786206
v 0.491581 0.677542 1.678140
v 0.480544 0.730587 1.751422
v 0.451490 0.783746 1.816044
v 0.425083 0.583792 1.720070
v 0.422648 0.642237 1.787220
v 0.405936 0.701531 1.843119
v 0.112890 1.369777 1.375996
v 0.107762 1.380035 1.507935
v 0.102948 1.369394 1.631616
v 0.221721 1.357834 1.376997
v 0.211243 1.368141 1.502852
v 0.200730 1.358034 1.620079
v 0.322261 1.330829 1.384272
v 0.306066 1.342346 1.501370
v 0.287935 1.335066 1.607803
v -0.322449 1.330118 1.384978
v -0.306268 1.340999 1.502707
v -0.288173 1.332671 1.610181
v -0.221910 1.357601 1.377228
v -0.211451 1.367567 1.503421
v -0.200986 1.356729 1.621374
v -0.113079 1.369733 1.376040
v -0.107974 1.379845 1.508124
v -0.103222 1.368832 1.632174
v -0.120344 0.941644 1.999959
v -0.233725 0.932961 1.973383
v -0.335236 0.917837 1.930193
v -0.119205 0.850521 2.022478
v -0.229763 0.842949 1.994514
v -0.325645 0.829058 1.951421
v -0.115540 0.759273 2.030055
v -0.220444 0.754324 2.002103
v -0.307227 0.745593 1.961633
v -0.317973 1.188696 1.073692
v -0.329389 1.250299 1.162159
v -0.221799 1.213918 1.043024
v -0.227876 1.277904 1.138938
v -0.113928 1.226401 1.022640
v -0.116466 1.290613 1.125106
v 0.113742 1.226403 1.022638
v 0.116279 1.290619 1.125100
v 0.221612 1.213931 1.043011
v 0.227689 1.277948 1.138894
v 0.317786 1.188740 1.073648
v 0.329202 1.250448 1.162010
v -0.553801 0.934478 1.338792
v -0.495895 0.993911 1.197717
v -0.530457 1.038792 1.285298
v -0.457061 1.078442 1.152495
v -0.483979 1.130245 1.236500
v -0.090611 0.416331 1.832561
v -0.096459 0.490450 1.916575
v -0.103294 0.576295 1.978815
v -0.179339 0.426663 1.819202
v -0.188609 0.497309 1.897789
v -0.198433 0.579196 1.955583
v -0.265484 0.452352 1.797129
v -0.274303 0.517408 1.869955
v -0.280524 0.591058 1.923420
v 0.456875 1.078643 1.152296
v 0.483792 1.130923 1.235827
v 0.495708 0.994232 1.197399
v 0.530271 1.039874 1.284224
v 0.553614 0.935989 1.337291
v -0.103331 1.280342 1.821621
v -0.201023 1.270086 1.801131
v -0.288143 1.254581 1.766742
v -0.108369 1.207557 1.883573
v -0.211824 1.198334 1.860566
v -0.306522 1.184986 1.820329
v -0.114112 1.123072 1.930522
v -0.223219 1.114220 1.906419
v -0.323625 1.100945 1.864361
v 0.482298 1.210391 1.435597
v 0.455020 1.230599 1.539311
v 0.414170 1.240314 1.632784
v 0.534473 1.117651 1.479655
v 0.503892 1.144640 1.579553
v 0.454734 1.164632 1.671834
v 0.563654 1.011283 1.530005
v 0.533145 1.045097 1.625021
v 0.481488 1.074292 1.713119
v -0.425367 0.572659 1.731122
v -0.423030 0.625558 1.803777
v -0.406494 0.680724 1.863772
v -0.491802 0.666592 1.689011
v -0.480829 0.714024 1.767864
v -0.451926 0.762769 1.836868
v -0.540991 0.774474 1.641856
v -0.521268 0.816259 1.728011
v -0.481134 0.857918 1.805525
v 0.287746 1.260995 1.760375
v 0.200525 1.274690 1.796561
v 0.102749 1.282726 1.819254
v 0.306002 1.194536 1.810849
v 0.211133 1.205447 1.853506
v 0.107539 1.211330 1.879827
v 0.322959 1.114068 1.851335
v 0.222304 1.124082 1.896630
v 0.112996 1.128336 1.925297
v -0.452835 1.104000 1.651987
v -0.452192 1.103835 1.587081
v -0.275252 1.302405 1.653242
v -0.274609 1.302240 1.588336
v -0.362501 1.202806 1.496943
v -0.624290 1.449273 1.535037
v -0.363591 1.203086 1.606974
v -0.624933 1.449438 1.599943
v -0.529327 -0.875300 1.690197
v -0.507590 0.138572 1.661420
v -0.495736 -0.875300 1.613519
v -0.481742 0.138572 1.602417
v -0.462863 -0.875300 1.719313
v -0.456447 0.138572 1.683825
v -0.429272 -0.875300 1.642635
v -0.430599 0.138572 1.624822
v 0.446943 -0.875300 1.708707
v 0.446727 0.138572 1.676487
v 0.426524 -0.875300 1.645298
v 0.431015 0.138572 1.627695
v 0.518723 -0.875300 1.685592
v 0.501961 0.138572 1.658701
v 0.498305 -0.875300 1.622183
v 0.486249 0.138572 1.609909
v 0.446943 -0.831193 1.708707
v 0.426524 -0.831194 1.645298
v 0.498305 -0.831194 1.622183
v 0.518723 -0.831194 1.685592
v -0.529328 -0.831194 1.690197
v -0.495736 -0.831193 1.613519
v -0.429272 -0.831194 1.642635
v -0.462863 -0.831194 1.719314
v 0.198964 1.335201 1.557144
v 0.198964 1.335201 1.492234
v 0.430456 1.203622 1.557144
v 0.430456 1.203622 1.492234
v 0.314710 1.269411 1.401465
v 0.458100 1.581769 1.442778
v 0.314710 1.269411 1.511501
v 0.458100 1.581769 1.507687
v -0.238199 0.986251 1.916119
v -0.238199 0.986373 1.930099
v -0.238199 0.991834 1.942967
v -0.238199 1.001805 1.952766
v -0.238199 1.014766 1.958004
v -0.214793 0.995743 1.914145
v -0.212864 0.996647 1.927962
v -0.214793 1.001327 1.940993
v -0.220285 1.009070 1.951255
v -0.228504 1.018698 1.957186
v -0.205098 1.018659 1.909380
v -0.202370 1.021451 1.922804
v -0.205098 1.024242 1.936228
v -0.212864 1.026609 1.947608
v -0.224488 1.028190 1.955212
v -0.214793 1.041575 1.904615
v -0.212864 1.046255 1.917646
v -0.214793 1.047158 1.931463
v -0.220285 1.044148 1.943961
v -0.228504 1.037683 1.953238
v -0.238199 1.051067 1.902641
v -0.238199 1.056529 1.915509
v -0.238199 1.056651 1.929488
v -0.238199 1.051413 1.942450
v -0.238199 1.041614 1.952420
v -0.261606 1.041575 1.904615
v -0.263534 1.046255 1.917646
v -0.261606 1.047158 1.931463
v -0.256113 1.044148 1.943961
v -0.247894 1.037683 1.953238
v -0.271300 1.018659 1.909380
v -0.274028 1.021451 1.922804
v -0.271300 1.024242 1.936228
v -0.263534 1.026609 1.947608
v -0.251910 1.028190 1.955212
v -0.238199 1.028745 1.957882
v -0.261606 0.995743 1.914145
v -0.263534 0.996647 1.927962
v -0.261606 1.001326 1.940993
v -0.256113 1.009070 1.951255
v -0.247894 1.018698 1.957186
v 0.183804 0.986251 1.916119
v 0.183804 0.986373 1.930098
v 0.183803 0.991834 1.942967
v 0.183804 1.001805 1.952766
v 0.183803 1.014766 1.958004
v 0.207210 0.995743 1.914145
v 0.209138 0.996647 1.927962
v 0.207210 1.001326 1.940993
v 0.201718 1.009070 1.951255
v 0.193499 1.018698 1.957186
v 0.216905 1.018659 1.909380
v 0.219632 1.021451 1.922804
v 0.216905 1.024242 1.936228
v 0.209138 1.026609 1.947608
v 0.197515 1.028190 1.955212
v 0.207210 1.041575 1.904615
v 0.209138 1.046255 1.917646
v 0.207210 1.047158 1.931463
v 0.201718 1.044148 1.943961
v 0.193499 1.037683 1.953238
v 0.183803 1.051067 1.902641
v 0.183803 1.056529 1.915509
v 0.183803 1.056651 1.929488
v 0.183804 1.051413 1.942450
v 0.183804 1.041614 1.952420
v 0.160397 1.041575 1.904615
v 0.158469 1.046255 1.917646
v 0.160397 1.047158 1.931463
v 0.165889 1.044148 1.943961
v 0.174108 1.037683 1.953238
v 0.150702 1.018659 1.909380
v 0.147975 1.021451 1.922804
v 0.150702 1.024242 1.936228
v 0.158469 1.026609 1.947608
v 0.170093 1.028190 1.955212
v 0.183804 1.028746 1.957882
v 0.160397 0.995743 1.914145
v 0.158469 0.996647 1.927962
v 0.160397 1.001326 1.940993
v 0.165889 1.009070 1.951255
v 0.174108 1.018698 1.957186
v 0.806645 -0.857061 1.244848
v 0.711065 -0.857061 1.195832
v 0.748703 -0.857061 1.240135
v 0.806645 -0.803607 1.244848
v 0.711066 -0.727653 1.195832
v 0.748704 -0.749899 1.240135
v 0.919861 -0.857061 1.128595
v 0.870844 -0.857061 1.224175
v 0.915148 -0.857061 1.186537
v 0.870844 -0.803607 1.224175
v 0.919861 -0.727653 1.128596
v 0.915148 -0.749899 1.186537
v -0.884217 -0.879048 1.267496
v -0.924770 -0.879048 1.168029
v -0.925094 -0.879048 1.226161
v -0.884217 -0.825594 1.267496
v -0.924770 -0.749640 1.168029
v -0.925094 -0.771886 1.226161
v -0.722583 -0.879048 1.253099
v -0.822050 -0.879048 1.293652
v -0.763917 -0.879048 1.293975
v -0.822050 -0.825594 1.293652
v -0.722583 -0.749640 1.253099
v -0.763918 -0.771886 1.293975
v -0.482701 -0.831194 1.764598
v -0.509958 -0.851887 1.775249
v -0.482701 -0.875300 1.764598
v -0.509959 -0.875300 1.775249
v -0.538515 -0.875300 1.762739
v -0.549166 -0.875300 1.735482
v 0.530540 -0.831194 1.733582
v 0.515795 -0.851887 1.760034
v 0.530540 -0.875300 1.733582
v 0.515795 -0.875300 1.760034
v 0.483408 -0.875300 1.770463
v 0.458759 -0.875300 1.756697
v 0.483408 -0.851887 1.770463
v 0.458759 -0.831194 1.756696
v -0.538515 -0.851887 1.762739
v -0.549166 -0.831194 1.735482
v 0.394936 -0.794766 0.249393
v 0.357811 -0.828225 0.329158
v 0.358564 -0.812141 0.280966
v 0.357810 -0.647594 0.329157
v 0.394936 -0.709543 0.249393
v 0.358564 -0.663620 0.280966
v 0.624315 -0.818031 0.175529
v 0.701009 -0.862074 0.218641
v 0.672276 -0.843599 0.179945
v 0.701009 -0.675182 0.218641
v 0.624315 -0.730892 0.175529
v 0.672276 -0.690292 0.179945
v -0.547779 -0.809237 0.244145
v -0.627920 -0.877328 0.280453
v -0.595943 -0.857884 0.244391
v -0.627919 -0.691498 0.280452
v -0.547779 -0.744713 0.244145
v -0.595943 -0.705508 0.244391
v -0.325660 -0.786192 0.337601
v -0.295584 -0.844434 0.420282
v -0.292160 -0.826623 0.372206
v -0.295584 -0.663694 0.420281
v -0.325661 -0.722943 0.337600
v -0.292160 -0.678237 0.372206
v -0.204942 1.329095 1.665071
v -0.012229 1.877986 1.431928
v -0.212113 1.300558 1.292647
v 0.168521 1.322275 1.658402
v 0.161350 1.293739 1.285978
v -0.246990 1.315529 1.479546
v -0.026121 1.294210 1.250957
v 0.203398 1.307305 1.471503
v -0.017471 1.328624 1.700093
v 0.009274 0.939286 1.991097
v 0.020894 0.927648 1.993874
v 0.020007 0.917231 1.996360
v 0.006374 0.903895 1.999543
v 0.000124 0.893017 2.002138
v 0.004968 0.943445 2.008522
v 0.010140 0.933675 2.019127
v 0.009513 0.923112 2.021002
v -0.000127 0.909328 2.022309
v -0.002612 0.897175 2.019563
v -0.015822 0.945167 2.015739
v -0.015822 0.936171 2.029588
v -0.015822 0.925548 2.031210
v -0.015822 0.911578 2.031740
v -0.015822 0.894862 2.027744
v -0.036613 0.943445 2.008522
v -0.041785 0.933675 2.019127
v -0.041157 0.923112 2.021002
v -0.031517 0.909328 2.022309
v -0.029032 0.897175 2.019563
v -0.040918 0.939286 1.991097
v -0.052539 0.927648 1.993874
v -0.051651 0.917231 1.996360
v -0.038018 0.903895 1.999543
v -0.031768 0.893017 2.002138
v -0.015822 0.888981 2.003102
v -0.015822 0.947734 1.989080
vn 0.0020 -0.0103 0.5437
vn 0.0004 -0.0105 0.5437
vn 0.0021 -0.0103 0.5437
vn -0.0019 -0.0103 0.5437
vn -0.0013 -0.0104 0.5437
vn -0.0000 0.0206 0.5434
vn 0.3404 0.1069 0.4103
vn 0.3230 0.2365 0.3681
vn 0.1853 0.2372 0.4529
vn 0.1858 0.0949 0.5022
vn 0.2930 0.3484 0.2975
vn 0.1808 0.3658 0.3594
vn 0.0829 0.2288 0.4863
vn 0.0741 0.0834 0.5322
vn 0.0907 0.3675 0.3905
vn 0.4751 -0.0020 0.2646
vn 0.4663 0.1157 0.2548
vn 0.3438 -0.0299 0.4203
vn 0.4382 0.2251 0.2302
vn 0.3940 0.3205 0.1943
vn 0.3457 0.3910 0.1528
vn 0.2659 0.4304 0.1994
vn 0.1752 0.4574 0.2363
vn 0.0931 0.4690 0.2589
vn 0.0222 0.4729 0.2676
vn 0.0243 0.3650 0.4024
vn 0.0202 0.2205 0.4967
vn 0.0131 0.0747 0.5385
vn 0.0699 -0.0520 0.5368
vn 0.0067 -0.0559 0.5409
vn 0.1846 -0.0464 0.5094
vn 0.2552 0.4746 -0.0733
vn 0.1597 0.5123 -0.0880
vn 0.1681 0.5169 0.0173
vn 0.2640 0.4752 0.0141
vn 0.0757 0.5299 -0.0957
vn 0.0844 0.5369 0.0188
vn 0.1720 0.5021 0.1184
vn 0.2618 0.4664 0.0980
vn 0.0904 0.5202 0.1303
vn 0.3400 0.4002 -0.1412
vn 0.2499 0.4461 -0.1851
vn 0.3577 0.4045 -0.0644
vn 0.1502 0.4760 -0.2159
vn 0.0656 0.4880 -0.2307
vn -0.0007 0.4909 -0.2340
vn 0.0026 0.5348 -0.0982
vn 0.0084 0.5434 0.0185
vn 0.0157 0.5269 0.1338
vn 0.3598 0.3994 0.0821
vn 0.3647 0.4033 0.0099
vn -0.5214 0.1110 0.1072
vn -0.4936 0.2058 0.0986
vn -0.5015 0.2103 0.0009
vn -0.5298 0.1226 -0.0000
vn -0.4441 0.3022 0.0847
vn -0.4494 0.3062 0.0025
vn -0.4877 0.2209 -0.0950
vn -0.5163 0.1342 -0.1055
vn -0.4396 0.3105 -0.0782
vn -0.4751 -0.0167 0.2640
vn -0.4691 0.0960 0.2577
vn -0.5318 0.0173 0.1124
vn -0.4432 0.2087 0.2360
vn -0.3979 0.3127 0.1990
vn -0.3461 0.3904 0.1534
vn -0.3605 0.3995 0.0782
vn -0.3648 0.4032 0.0052
vn -0.3576 0.4041 -0.0672
vn -0.3409 0.3999 -0.1398
vn -0.3877 0.3331 -0.1855
vn -0.4305 0.2455 -0.2238
vn -0.4586 0.1530 -0.2489
vn -0.5299 0.0504 -0.1112
vn -0.4730 0.0619 -0.2610
vn -0.5424 0.0382 0.0002
vn 0.0331 -0.5422 -0.0242
vn 0.0970 -0.5338 -0.0370
vn 0.0802 -0.5373 0.0240
vn 0.0224 -0.5429 0.0212
vn 0.2057 -0.5014 -0.0441
vn 0.1966 -0.5064 0.0241
vn 0.1005 -0.5290 0.0760
vn 0.0394 -0.5393 0.0571
vn 0.2007 -0.4981 0.0857
vn 0.0069 -0.5061 -0.1988
vn 0.0626 -0.5030 -0.1970
vn 0.0091 -0.5434 -0.0193
vn 0.1431 -0.4880 -0.1925
vn 0.2467 -0.4520 -0.1748
vn 0.3429 -0.3993 -0.1367
vn 0.3476 -0.4147 -0.0535
vn 0.3423 -0.4221 0.0195
vn 0.3327 -0.4210 0.0879
vn 0.3184 -0.4123 0.1559
vn 0.2264 -0.4592 0.1834
vn 0.1378 -0.4903 0.1906
vn 0.0655 -0.5064 0.1870
vn 0.0082 -0.5415 0.0490
vn 0.0044 -0.5113 0.1852
vn 0.0101 -0.5433 0.0197
vn 0.5164 0.1327 -0.1069
vn 0.4877 0.2207 -0.0959
vn 0.4999 0.2140 0.0027
vn 0.5292 0.1252 0.0009
vn 0.4390 0.3114 -0.0775
vn 0.4472 0.3093 0.0058
vn 0.4892 0.2153 0.1001
vn 0.5190 0.1207 0.1084
vn 0.4396 0.3080 0.0873
vn 0.4722 0.0590 -0.2632
vn 0.4576 0.1500 -0.2527
vn 0.5299 0.0484 -0.1121
vn 0.4294 0.2431 -0.2285
vn 0.3867 0.3323 -0.1892
vn 0.5313 0.0239 0.1136
vn 0.5424 0.0392 0.0006
vn 0.0543 0.1896 -0.5068
vn 0.0528 0.2917 -0.4559
vn 0.1528 0.2882 -0.4351
vn 0.1626 0.1844 -0.4851
vn 0.0569 0.4007 -0.3632
vn 0.1474 0.3942 -0.3443
vn 0.2998 0.2723 -0.3628
vn 0.3220 0.1714 -0.4033
vn 0.2708 0.3700 -0.2923
vn -0.0001 0.1039 -0.5338
vn -0.0003 0.1913 -0.5090
vn 0.0609 0.0996 -0.5311
vn -0.0009 0.2924 -0.4585
vn -0.0015 0.4019 -0.3663
vn 0.3376 0.0739 -0.4199
vn 0.1753 0.0887 -0.5071
vn -0.3250 0.1743 -0.3996
vn -0.3036 0.2753 -0.3575
vn -0.1567 0.2907 -0.4321
vn -0.1653 0.1862 -0.4834
vn -0.2745 0.3717 -0.2868
vn -0.1515 0.3959 -0.3406
vn -0.0553 0.2930 -0.4547
vn -0.0555 0.1904 -0.5064
vn -0.0602 0.4018 -0.3614
vn -0.3395 0.0761 -0.4179
vn -0.2513 0.4460 -0.1835
vn -0.1519 0.4761 -0.2144
vn -0.0671 0.4882 -0.2299
vn -0.0615 0.0999 -0.5310
vn -0.1769 0.0897 -0.5063
vn -0.2049 -0.5009 -0.0533
vn -0.0794 -0.5360 -0.0459
vn -0.0616 -0.5397 0.0250
vn -0.1960 -0.5066 0.0251
vn -0.0106 -0.5429 -0.0288
vn 0.0018 -0.5434 0.0218
vn -0.0857 -0.5304 0.0842
vn -0.2006 -0.4965 0.0948
vn -0.0202 -0.5399 0.0618
vn -0.3496 -0.3890 -0.1489
vn -0.2461 -0.4463 -0.1897
vn -0.3560 -0.4066 -0.0601
vn -0.1299 -0.4861 -0.2061
vn -0.0457 -0.5021 -0.2038
vn -0.0557 -0.5058 0.1918
vn -0.1310 -0.4887 0.1993
vn -0.2277 -0.4542 0.1938
vn -0.3405 -0.4131 0.0954
vn -0.3248 -0.4035 0.1655
vn -0.3512 -0.4147 0.0207
vn -0.0709 0.5303 -0.0972
vn -0.1559 0.5130 -0.0907
vn -0.1569 0.5205 0.0126
vn -0.0690 0.5392 0.0161
vn -0.2531 0.4752 -0.0766
vn -0.2589 0.4781 0.0087
vn -0.1525 0.5088 0.1164
vn -0.0621 0.5245 0.1293
vn -0.2536 0.4716 0.0947
vn -0.2557 0.4340 0.2049
vn -0.1485 0.4628 0.2439
vn -0.0532 0.4725 0.2639
vn 0.2721 -0.3751 0.2845
vn 0.3100 -0.2730 0.3537
vn 0.1782 -0.2964 0.4197
vn 0.1653 -0.4047 0.3234
vn 0.3331 -0.1596 0.3991
vn 0.1828 -0.1780 0.4802
vn 0.0767 -0.3007 0.4466
vn 0.0778 -0.4162 0.3412
vn 0.0720 -0.1788 0.5085
vn 0.3810 -0.3306 0.2032
vn 0.4329 -0.2275 0.2378
vn 0.4638 -0.1185 0.2581
vn 0.0027 -0.1784 0.5137
vn 0.0009 -0.3005 0.4532
vn 0.0014 -0.4188 0.3468
vn -0.3061 -0.3082 -0.3271
vn -0.3410 -0.1521 -0.3954
vn -0.1944 -0.1560 -0.4833
vn -0.1769 -0.3384 -0.3872
vn -0.3468 -0.0265 -0.4180
vn -0.1894 -0.0144 -0.5096
vn -0.0789 -0.1517 -0.5162
vn -0.0732 -0.3491 -0.4105
vn -0.0714 -0.0012 -0.5391
vn -0.4201 -0.2725 -0.2119
vn -0.4621 -0.1424 -0.2487
vn -0.4754 -0.0325 -0.2620
vn 0.0002 0.0042 -0.5438
vn 0.0015 -0.1495 -0.5228
vn 0.0040 -0.3521 -0.4144
vn 0.0826 -0.3528 -0.4055
vn 0.0822 -0.1554 -0.5146
vn 0.1961 -0.1634 -0.4801
vn 0.1835 -0.3461 -0.3771
vn 0.0717 -0.0026 -0.5390
vn 0.1889 -0.0171 -0.5096
vn 0.3401 -0.1624 -0.3920
vn 0.3054 -0.3205 -0.3157
vn 0.3457 -0.0303 -0.4187
vn 0.4746 -0.0368 -0.2628
vn 0.4601 -0.1529 -0.2463
vn 0.4150 -0.2866 -0.2034
vn 0.4584 -0.2813 -0.0800
vn 0.5124 -0.1499 -0.1035
vn 0.5196 -0.1602 0.0059
vn 0.4583 -0.2925 0.0121
vn 0.5305 -0.0409 -0.1123
vn 0.5413 -0.0516 0.0021
vn 0.4992 -0.1843 0.1121
vn 0.4410 -0.3021 0.0998
vn 0.5259 -0.0764 0.1152
vn -0.4463 -0.2928 0.1040
vn -0.5000 -0.1815 0.1132
vn -0.5215 -0.1539 0.0066
vn -0.4652 -0.2813 0.0133
vn -0.5257 -0.0791 0.1146
vn -0.5414 -0.0507 0.0021
vn -0.5147 -0.1410 -0.1045
vn -0.4654 -0.2685 -0.0839
vn -0.5309 -0.0375 -0.1117
vn -0.3839 -0.3242 0.2078
vn -0.4326 -0.2281 0.2378
vn -0.4627 -0.1257 0.2566
vn -0.0749 -0.4151 0.3432
vn -0.0749 -0.3019 0.4461
vn -0.1766 -0.2986 0.4188
vn -0.1637 -0.4024 0.3271
vn -0.0668 -0.1837 0.5074
vn -0.1784 -0.1869 0.4785
vn -0.3089 -0.2753 0.3529
vn -0.2731 -0.3711 0.2889
vn -0.3303 -0.1697 0.3972
vn -0.0572 -0.0622 0.5372
vn -0.1749 -0.0648 0.5108
vn -0.3398 -0.0503 0.4216
vn -0.0498 0.0694 0.5371
vn -0.0460 0.2172 0.4964
vn -0.1610 0.2180 0.4714
vn -0.1689 0.0703 0.5121
vn -0.0469 0.3641 0.4012
vn -0.1521 0.3606 0.3775
vn -0.3175 0.2158 0.3852
vn -0.3360 0.0802 0.4200
vn -0.2847 0.3414 0.3131
vn 0.2648 -0.3882 0.2737
vn 0.2679 -0.3137 0.3543
vn 0.1830 -0.3377 0.3850
vn 0.1696 -0.4190 0.3023
vn 0.2679 -0.2338 0.4114
vn 0.1962 -0.2458 0.4436
vn 0.1014 -0.3539 0.4002
vn 0.0849 -0.4358 0.3139
vn 0.1170 -0.2567 0.4649
vn 0.3544 -0.3691 0.1841
vn 0.3553 -0.3406 0.2312
vn 0.2614 -0.4204 0.2250
vn 0.3501 -0.2747 0.3125
vn 0.3383 -0.2057 0.3728
vn 0.3223 -0.1426 0.4142
vn 0.2700 -0.1412 0.4504
vn 0.2056 -0.1402 0.4835
vn 0.1256 -0.1414 0.5099
vn 0.0236 -0.1441 0.5238
vn 0.0237 -0.2647 0.4744
vn 0.0201 -0.3633 0.4041
vn 0.0141 -0.4434 0.3145
vn 0.0772 -0.4700 0.2623
vn 0.0106 -0.4764 0.2621
vn 0.1629 -0.4536 0.2519
vn 0.2817 0.1049 0.4532
vn 0.1944 0.1302 0.4909
vn 0.2042 0.0620 0.5002
vn 0.2856 0.0342 0.4615
vn 0.1058 0.1477 0.5126
vn 0.1163 0.0801 0.5252
vn 0.2088 -0.0307 0.5012
vn 0.2801 -0.0462 0.4638
vn 0.1246 -0.0203 0.5289
vn 0.3669 0.1432 0.3750
vn 0.2754 0.1658 0.4386
vn 0.3687 0.0673 0.3940
vn 0.1853 0.1795 0.4787
vn 0.0974 0.1894 0.5003
vn 0.0087 0.1947 0.5077
vn 0.0117 0.1557 0.5209
vn 0.0157 0.0880 0.5364
vn 0.0202 -0.0164 0.5432
vn 0.3463 -0.0825 0.4111
vn 0.3628 -0.0100 0.4050
vn -0.5296 0.1057 0.0637
vn -0.4946 0.1563 0.1633
vn -0.4641 0.2515 0.1308
vn -0.4980 0.2158 0.0340
vn -0.4379 0.1946 0.2571
vn -0.4146 0.2733 0.2217
vn -0.4107 0.3443 0.0925
vn -0.4378 0.3226 -0.0007
vn -0.3760 0.3499 0.1786
vn -0.5411 -0.0382 0.0376
vn -0.5362 -0.0111 0.0901
vn -0.5375 0.0779 -0.0277
vn -0.5069 0.0513 0.1900
vn -0.4503 0.1074 0.2853
vn -0.3672 0.1495 0.3722
vn -0.3590 0.2196 0.3444
vn -0.3445 0.2876 0.3072
vn -0.3184 0.3553 0.2609
vn -0.2811 0.4160 0.2089
vn -0.3017 0.4313 0.1365
vn -0.3203 0.4363 0.0532
vn -0.3376 0.4246 -0.0379
vn -0.4558 0.2776 -0.1043
vn -0.3542 0.3886 -0.1387
vn -0.5143 0.1613 -0.0718
vn 0.5157 -0.1192 0.1247
vn 0.4932 -0.0533 0.2228
vn 0.4631 -0.1435 0.2464
vn 0.4784 -0.2079 0.1537
vn 0.4435 0.0126 0.3144
vn 0.4250 -0.0731 0.3313
vn 0.4162 -0.2171 0.2744
vn 0.4266 -0.2798 0.1883
vn 0.3925 -0.1473 0.3464
vn 0.5422 -0.0416 0.0017
vn 0.5354 -0.0104 0.0948
vn 0.5179 -0.1485 0.0734
vn 0.5046 0.0513 0.1961
vn 0.4474 0.1048 0.2909
vn 0.4265 -0.3063 0.1412
vn 0.4788 -0.2354 0.1051
vn 0.0371 0.5363 -0.0817
vn 0.0390 0.5424 0.0043
vn 0.1034 0.5338 0.0092
vn 0.1041 0.5278 -0.0794
vn 0.0471 0.5313 0.1058
vn 0.1117 0.5209 0.1093
vn 0.2008 0.5049 0.0212
vn 0.2093 0.4972 -0.0685
vn 0.1962 0.4945 0.1129
vn -0.0001 0.5190 -0.1625
vn -0.0002 0.5376 -0.0815
vn 0.0422 0.5165 -0.1648
vn -0.0006 0.5438 0.0033
vn -0.0013 0.5335 0.1051
vn -0.0015 0.4908 0.2341
vn 0.0605 0.4877 0.2328
vn 0.1305 0.4756 0.2292
vn 0.2067 0.4520 0.2205
vn 0.2772 0.4205 0.2050
vn 0.2977 0.4357 0.1316
vn 0.3163 0.4397 0.0479
vn 0.3345 0.4266 -0.0426
vn 0.2240 0.4677 -0.1636
vn 0.3521 0.3893 -0.1422
vn 0.1144 0.5043 -0.1682
vn -0.2125 0.4963 -0.0656
vn -0.2052 0.5030 0.0253
vn -0.1064 0.5332 0.0116
vn -0.1060 0.5276 -0.0780
vn -0.2012 0.4913 0.1175
vn -0.1158 0.5193 0.1126
vn -0.0407 0.5422 0.0054
vn -0.0378 0.5364 -0.0812
vn -0.0501 0.5307 0.1076
vn -0.2260 0.4674 -0.1617
vn -0.2107 0.4486 0.2238
vn -0.1342 0.4733 0.2318
vn -0.0637 0.4866 0.2342
vn -0.0426 0.5165 -0.1647
vn -0.1155 0.5043 -0.1675
vn -0.0843 0.1521 0.5152
vn -0.1783 0.1381 0.4948
vn -0.1829 0.0676 0.5076
vn -0.0876 0.0834 0.5302
vn -0.2742 0.1137 0.4556
vn -0.2752 0.0396 0.4673
vn -0.1813 -0.0313 0.5117
vn -0.0877 -0.0204 0.5363
vn -0.2652 -0.0483 0.4723
vn -0.0814 0.1938 0.5015
vn -0.1735 0.1872 0.4802
vn -0.2698 0.1743 0.4388
vn -0.3703 0.0732 0.3914
vn -0.3642 -0.0087 0.4037
vn -0.3445 -0.0892 0.4112
vn -0.3144 -0.1575 0.4148
vn -0.2504 -0.1546 0.4573
vn -0.1729 -0.1504 0.4931
vn -0.0824 -0.1471 0.5170
vn -0.2462 0.3833 -0.2970
vn -0.2439 0.4140 -0.2545
vn -0.1342 0.4606 -0.2561
vn -0.1404 0.4333 -0.2971
vn -0.0551 0.4801 -0.2493
vn -0.0607 0.4562 -0.2897
vn -0.3634 0.2922 -0.2798
vn -0.3659 0.3263 -0.2352
vn -0.0000 0.4853 -0.2454
vn -0.0000 0.4627 -0.2856
vn 0.0606 0.4562 -0.2897
vn 0.0550 0.4801 -0.2494
vn 0.1337 0.4605 -0.2564
vn 0.1401 0.4332 -0.2973
vn 0.2430 0.4140 -0.2556
vn 0.2457 0.3831 -0.2977
vn 0.3647 0.3262 -0.2372
vn 0.3627 0.2918 -0.2811
vn -0.4795 0.1081 -0.2327
vn -0.5043 0.1244 -0.1610
vn -0.4585 0.2095 -0.2041
vn -0.4508 0.1731 -0.2502
vn -0.5279 0.0681 -0.1114
vn -0.0585 -0.4443 0.3080
vn -0.0638 -0.3651 0.3980
vn -0.1535 -0.3582 0.3792
vn -0.1485 -0.4351 0.2904
vn -0.0732 -0.2669 0.4681
vn -0.1624 -0.2642 0.4467
vn -0.2510 -0.3392 0.3430
vn -0.2522 -0.4083 0.2557
vn -0.2480 -0.2569 0.4102
vn -0.0571 -0.4767 0.2554
vn -0.3332 -0.2272 0.3648
vn -0.3462 -0.2982 0.2949
vn -0.3511 -0.3590 0.2087
vn -0.2520 -0.4359 0.2053
vn -0.3514 -0.3826 0.1608
vn -0.1468 -0.4663 0.2383
vn 0.4500 0.1725 -0.2519
vn 0.4574 0.2092 -0.2068
vn 0.5035 0.1236 -0.1640
vn 0.4786 0.1077 -0.2346
vn 0.4544 0.2782 -0.1088
vn 0.5138 0.1612 -0.0759
vn 0.5401 0.0445 -0.0446
vn 0.5342 0.0145 -0.1005
vn 0.5354 -0.0457 -0.0834
vn -0.0754 0.4030 0.3572
vn -0.1546 0.3925 0.3431
vn -0.1669 0.3057 0.4177
vn -0.0804 0.3095 0.4399
vn -0.2370 0.3739 0.3158
vn -0.2573 0.2982 0.3750
vn -0.1709 0.2366 0.4588
vn -0.0808 0.2379 0.4823
vn -0.2655 0.2320 0.4140
vn -0.0002 0.4063 0.3614
vn 0.0058 0.2370 0.4894
vn 0.0026 0.3100 0.4468
vn 0.4361 0.3248 -0.0061
vn 0.4088 0.3478 0.0874
vn 0.4639 0.2534 0.1277
vn 0.4978 0.2169 0.0297
vn 0.3742 0.3536 0.1750
vn 0.4142 0.2747 0.2206
vn 0.4943 0.1566 0.1639
vn 0.5297 0.1059 0.0627
vn 0.4372 0.1934 0.2591
vn 0.3168 0.3579 0.2593
vn 0.3445 0.2870 0.3077
vn 0.3595 0.2156 0.3464
vn -0.4274 -0.2928 0.1653
vn -0.4205 -0.2335 0.2538
vn -0.4697 -0.1519 0.2280
vn -0.4807 -0.2153 0.1350
vn -0.3972 -0.1608 0.3347
vn -0.4327 -0.0780 0.3200
vn -0.4985 -0.0559 0.2101
vn -0.5177 -0.1223 0.1128
vn -0.4497 0.0136 0.3054
vn -0.4267 -0.3154 0.1190
vn -0.5190 -0.1496 0.0628
vn -0.4799 -0.2401 0.0878
vn 0.2356 0.3754 0.3150
vn 0.1536 0.3933 0.3427
vn 0.1701 0.3029 0.4183
vn 0.2586 0.2958 0.3759
vn 0.0747 0.4033 0.3570
vn 0.0850 0.3077 0.4402
vn 0.1786 0.2307 0.4589
vn 0.2692 0.2259 0.4150
vn 0.0914 0.2343 0.4821
vn 0.2107 0.5013 0.0008
vn 0.1755 0.2555 -0.4468
vn 0.1118 0.1333 0.5152
vn -0.1301 -0.1234 0.5134
vn -0.2428 -0.1885 -0.4486
vn -0.4865 -0.2430 -0.0042
vn 0.1789 -0.3656 0.3606
vn 0.2397 0.0806 0.4814
vn 0.0863 0.0806 0.5308
vn 0.0262 -0.3616 0.4053
vn -0.4079 -0.3587 0.0258
vn 0.3174 -0.3866 -0.2132
vn 0.3917 -0.3760 -0.0301
vn 0.3649 -0.3505 0.1993
vn -0.2089 -0.3372 0.3720
vn -0.3538 -0.3583 0.2052
vn 0.3724 0.3902 0.0687
vn -0.3322 0.3682 -0.2231
vn -0.4039 0.3641 -0.0018
vn 0.2737 0.3718 0.2873
vn 0.3477 0.3684 -0.1978
vn 0.4020 0.3648 0.0322
vn -0.2403 -0.1611 -0.4604
vn -0.2356 0.0871 -0.4823
vn -0.0787 0.0827 -0.5317
vn -0.0983 -0.1656 -0.5086
vn -0.3868 -0.3764 -0.0661
vn -0.2955 -0.3855 -0.2444
vn -0.0610 -0.3628 0.4005
vn -0.1320 0.0806 0.5214
vn -0.2805 0.0806 0.4589
vn -0.2097 -0.3667 0.3424
vn 0.4042 -0.3595 0.0559
vn 0.3353 -0.3592 0.2330
vn 0.1768 -0.3381 0.3875
vn -0.3811 -0.3511 0.1649
vn 0.1356 -0.0843 -0.5198
vn 0.1244 0.0854 -0.5224
vn 0.2757 0.0900 -0.4600
vn 0.2874 -0.0804 -0.4546
vn -0.5139 0.1717 -0.0467
vn -0.4107 0.3203 0.1563
vn -0.1586 0.3128 -0.4156
vn -0.1999 -0.0014 -0.5057
vn 0.4130 0.3128 -0.1651
vn 0.5073 -0.0014 -0.1959
vn 0.1636 0.3203 0.4079
vn 0.3827 0.1717 0.3461
vn -0.1616 -0.3140 -0.4136
vn 0.4136 -0.3140 -0.1616
vn 0.3522 -0.3845 0.1543
vn -0.3522 -0.3845 -0.1543
vn -0.4203 0.1789 0.2951
vn -0.2034 0.3199 0.3899
vn -0.3940 0.3131 -0.2061
vn -0.4849 -0.0011 -0.2462
vn 0.2000 0.3128 -0.3973
vn 0.2500 -0.0015 -0.4829
vn 0.3930 0.3196 0.1978
vn 0.5185 0.1632 0.0165
vn -0.3951 -0.3140 -0.2026
vn 0.2026 -0.3140 -0.3951
vn 0.3740 -0.3803 -0.1061
vn -0.3657 -0.3889 0.1038
vn 0.3975 0.3541 0.1110
vn 0.4171 -0.3443 0.0560
vn 0.2924 -0.3427 0.3045
vn -0.0085 -0.3427 0.4221
vn -0.3045 -0.3427 0.2924
vn -0.4221 -0.3427 -0.0085
vn -0.2845 0.3538 0.2994
vn -0.4095 0.3539 0.0529
vn 0.2387 0.3539 0.3369
vn 0.2669 -0.3443 0.3255
vn 0.2991 0.1641 0.4235
vn -0.0134 0.1621 0.5189
vn -0.0418 -0.3412 0.4214
vn -0.3367 -0.3412 0.2567
vn -0.0480 0.1632 0.5165
vn -0.3471 0.1632 0.3855
vn 0.5423 -0.0396 -0.0000
vn 0.3029 -0.0803 -0.4444
vn 0.1636 -0.0688 0.5140
vn -0.1580 0.0788 0.5143
vn -0.2523 0.1752 -0.4487
vn -0.3748 0.3940 -0.0000
vn -0.0000 0.1107 0.5324
vn -0.0000 -0.1246 0.5293
vn 0.1625 -0.0587 0.5156
vn -0.0000 -0.3127 0.4449
vn -0.0000 -0.4547 0.2983
vn 0.3577 -0.3096 0.2681
vn 0.2806 -0.1990 0.4212
vn -0.0000 -0.5324 0.1107
vn -0.0000 -0.5438 0.0047
vn 0.3771 -0.3908 -0.0271
vn 0.3845 -0.3765 0.0783
vn 0.3968 0.0757 0.3641
vn 0.2298 0.1003 0.4825
vn 0.5438 -0.0000 -0.0000
vn 0.5059 0.0406 0.1953
vn 0.5333 -0.0216 -0.1039
vn 0.3845 0.3765 -0.0783
vn 0.3577 0.3908 0.1225
vn 0.1625 0.2594 0.4494
vn 0.2806 0.3504 0.3070
vn 0.3771 0.3476 -0.1807
vn -0.0000 0.3253 0.4357
vn -0.0000 0.5359 0.0923
vn -0.0000 0.4642 0.2833
vn -0.0000 0.5006 -0.2125
vn -0.0000 0.5324 -0.1107
vn -0.3771 0.3476 -0.1807
vn -0.3845 0.3765 -0.0783
vn -0.2806 0.3504 0.3070
vn -0.1625 0.2594 0.4494
vn -0.3577 0.3908 0.1225
vn -0.3968 0.0757 0.3641
vn -0.2298 0.1003 0.4825
vn -0.5438 -0.0000 -0.0000
vn -0.5059 0.0406 0.1953
vn -0.5333 -0.0216 -0.1039
vn -0.1625 -0.0587 0.5156
vn -0.3577 -0.3096 0.2681
vn -0.2806 -0.1990 0.4212
vn -0.3771 -0.3908 -0.0271
vn -0.3845 -0.3765 0.0783
vn -0.1391 0.2705 0.4508
vn -0.2977 0.3725 0.2613
vn 0.3760 0.2705 0.2849
vn -0.3992 0.2705 0.2513
vn 0.0995 0.2705 0.4611
vn -0.3772 0.3905 0.0313
vn -0.4063 -0.2664 -0.2442
vn -0.3703 0.2926 -0.2702
vn 0.1529 -0.2900 -0.4339
vn 0.1717 0.2734 -0.4376
vn -0.0999 -0.2820 -0.4541
vn -0.1356 0.2780 -0.4473
vn 0.4207 -0.2598 -0.2264
vn 0.3901 0.2983 -0.2336
vn 0.0092 0.5421 -0.0417
vn -0.3514 0.2082 -0.3590
vn -0.5020 0.2090 -0.0063
vn 0.3457 0.1955 -0.3714
vn -0.0063 0.1611 -0.5193
vn 0.3591 0.2488 0.3238
vn 0.5087 0.1905 -0.0244
vn -0.3380 0.2615 0.3363
vn 0.0131 0.2384 0.4886
vn 0.4417 -0.2537 0.1904
vn 0.4762 -0.1383 0.2233
vn 0.3829 -0.0802 0.3777
vn 0.3539 -0.1675 0.3774
vn 0.4906 0.1792 0.1516
vn 0.2951 0.4557 0.0312
vn 0.2429 0.4736 0.1115
vn 0.3653 0.2402 0.3234
vn 0.3658 -0.3694 0.1595
vn 0.3417 -0.3281 0.2671
vn -0.0000 -0.0945 0.5355
vn -0.0000 -0.3611 0.4066
vn -0.0000 0.2753 0.4690
vn -0.0000 0.0181 0.5435
vn -0.0000 0.5105 0.1873
vn -0.3653 0.2402 0.3234
vn -0.3829 -0.0802 0.3777
vn -0.3539 -0.1675 0.3774
vn -0.2429 0.4736 0.1115
vn -0.3417 -0.3281 0.2671
vn -0.4762 -0.1383 0.2233
vn -0.4417 -0.2537 0.1904
vn -0.2951 0.4557 0.0312
vn -0.4906 0.1792 0.1516
vn -0.3658 -0.3694 0.1595
vn -0.0000 -0.5265 0.1359
vn -0.0000 0.5437 -0.0079
vt 0.505064 0.815307
vt 0.723626 0.804228
vt 0.505064 0.795415
vt 0.723626 0.796422
vt 0.505064 0.746942
vt 0.723626 0.746942
vt 0.505064 0.770965
vt 0.723626 0.765955
vt 0.505064 0.795415
vt 0.723626 0.796422
vt 0.505064 0.783512
vt 0.723626 0.770487
vt 0.505064 0.837141
vt 0.723626 0.837141
vt 0.723626 0.818328
vt 0.505064 0.815307
vt 0.505064 0.837141
vt 0.723626 0.837141
vt 0.723626 0.818328
vt 0.505064 0.815307
vt 0.363828 0.662494
vt 0.250630 0.662494
vt 0.363828 0.549296
vt 0.250630 0.549296
vt 0.414381 0.254954
vt 0.260018 0.420296
vt 0.624053 0.354062
vt 0.843775 0.389263
vt 0.255851 0.091633
vt 0.089116 0.250529
vt 0.647624 0.131198
vt 0.872939 0.134583
vt 0.163764 0.345346
vt 0.872469 0.263543
vt 0.348274 0.160507
vt 0.341511 0.349403
vt 0.753116 0.127146
vt 0.729316 0.373679
vt 0.160399 0.166811
vt 0.248783 0.260428
vt 0.739097 0.249886
vt 0.619398 0.238677
vt 0.058493 0.245192
vt 0.002768 0.234549
vt 0.949158 0.084620
vt 0.901276 0.114650
vt 0.139262 0.319217
vt 0.118513 0.293149
vt 0.101478 0.269121
vt 0.317867 0.372268
vt 0.294714 0.391563
vt 0.274679 0.407827
vt 0.723699 0.128531
vt 0.695616 0.130165
vt 0.669049 0.130950
vt 0.758677 0.379518
vt 0.789500 0.384599
vt 0.819931 0.387881
vt 0.137258 0.190441
vt 0.117404 0.214098
vt 0.101412 0.235387
vt 0.445691 0.251625
vt 0.499529 0.245114
vt 0.560150 0.412438
vt 0.599837 0.375741
vt 0.866723 0.301691
vt 0.858144 0.336944
vt 0.849738 0.367375
vt 0.627792 0.105960
vt 0.268078 0.002987
vt 0.593745 0.059385
vt 0.259971 0.058715
vt 0.370224 0.186642
vt 0.387977 0.213270
vt 0.402824 0.237393
vt 0.865982 0.414842
vt 0.905162 0.455280
vt 0.276983 0.507336
vt 0.265888 0.451277
vt 0.241155 0.407810
vt 0.216569 0.390632
vt 0.190066 0.369750
vt 0.874101 0.157352
vt 0.875469 0.188968
vt 0.875352 0.225166
vt 0.273067 0.104027
vt 0.296435 0.120096
vt 0.322553 0.138222
vt 0.226381 0.282764
vt 0.205666 0.303406
vt 0.186410 0.322607
vt 0.129154 0.380421
vt 0.073588 0.437012
vt 0.997232 0.276064
vt 0.924959 0.269048
vt 0.768375 0.252870
vt 0.799407 0.256060
vt 0.833481 0.259601
vt 0.400635 0.274382
vt 0.382877 0.298883
vt 0.363287 0.324404
vt 0.847835 0.130701
vt 0.815942 0.127611
vt 0.783934 0.126571
vt 0.645916 0.357947
vt 0.673010 0.362913
vt 0.701051 0.367921
vt 0.236101 0.106195
vt 0.211259 0.124769
vt 0.185542 0.144854
vt 0.320523 0.188621
vt 0.295714 0.213533
vt 0.271968 0.237280
vt 0.731088 0.339824
vt 0.733268 0.310789
vt 0.736038 0.281090
vt 0.183110 0.194011
vt 0.203760 0.216056
vt 0.225687 0.237723
vt 0.271441 0.283588
vt 0.293086 0.305638
vt 0.314786 0.326481
vt 0.382380 0.381072
vt 0.446388 0.425274
vt 0.726238 0.499721
vt 0.727460 0.423824
vt 0.761933 0.077643
vt 0.777539 0.002768
vt 0.086837 0.059252
vt 0.129365 0.124974
vt 0.741906 0.218689
vt 0.744693 0.189237
vt 0.748033 0.160571
vt 0.710978 0.247060
vt 0.683239 0.244305
vt 0.654132 0.241545
vt 0.625381 0.206480
vt 0.633713 0.177234
vt 0.641652 0.151269
vt 0.382506 0.125340
vt 0.505064 0.231931
vt 0.425962 0.079412
vt 0.572315 0.235327
vt 0.617636 0.271853
vt 0.618797 0.303598
vt 0.621680 0.332290
vt 0.705158 0.335109
vt 0.679251 0.331191
vt 0.652011 0.329252
vt 0.707101 0.306724
vt 0.680804 0.303336
vt 0.652639 0.301563
vt 0.708698 0.277610
vt 0.681395 0.274496
vt 0.652141 0.272269
vt 0.440087 0.219820
vt 0.426378 0.187864
vt 0.407279 0.155544
vt 0.535161 0.376210
vt 0.493012 0.201622
vt 0.479008 0.158479
vt 0.516829 0.333343
vt 0.456453 0.116693
vt 0.506383 0.284423
vt 0.584027 0.347367
vt 0.575074 0.313020
vt 0.570870 0.275017
vt 0.724641 0.079361
vt 0.689162 0.083953
vt 0.656337 0.091936
vt 0.130837 0.029830
vt 0.724902 0.004208
vt 0.675470 0.015003
vt 0.177724 0.011195
vt 0.631705 0.033802
vt 0.223914 0.002768
vt 0.160952 0.100161
vt 0.194195 0.080174
vt 0.227390 0.065236
vt 0.163466 0.409681
vt 0.199601 0.431807
vt 0.234127 0.446105
vt 0.985933 0.334581
vt 0.125601 0.474820
vt 0.180081 0.497734
vt 0.962444 0.385226
vt 0.231092 0.507035
vt 0.934946 0.424752
vt 0.915992 0.314313
vt 0.902992 0.355630
vt 0.887100 0.390200
vt 0.406528 0.349643
vt 0.425511 0.316723
vt 0.439450 0.284003
vt 0.675650 0.489393
vt 0.474639 0.381576
vt 0.491895 0.335205
vt 0.629217 0.471010
vt 0.499529 0.289478
vt 0.590744 0.443957
vt 0.691641 0.416642
vt 0.657745 0.406444
vt 0.626131 0.394163
vt 0.294154 0.260692
vt 0.317288 0.237178
vt 0.341780 0.212927
vt 0.314914 0.283166
vt 0.336797 0.260164
vt 0.359993 0.236983
vt 0.336069 0.303828
vt 0.356603 0.280714
vt 0.377573 0.258145
vt 0.205824 0.172767
vt 0.229033 0.152057
vt 0.251814 0.130521
vt 0.226213 0.194172
vt 0.249300 0.172285
vt 0.272579 0.148777
vt 0.248602 0.215056
vt 0.272123 0.191928
vt 0.296357 0.167260
vt 0.064096 0.276805
vt 0.078356 0.310571
vt 0.099937 0.346259
vt 0.971374 0.120971
vt 0.003958 0.280916
vt 0.013766 0.331371
vt 0.988048 0.164838
vt 0.036047 0.385260
vt 0.997232 0.217747
vt 0.916829 0.143332
vt 0.924297 0.180293
vt 0.927004 0.223110
vt 0.353502 0.099579
vt 0.322233 0.079643
vt 0.291207 0.065180
vt 0.513384 0.178895
vt 0.389788 0.049397
vt 0.350988 0.025887
vt 0.533917 0.131394
vt 0.310185 0.010603
vt 0.561095 0.091740
vt 0.580112 0.196738
vt 0.591687 0.161193
vt 0.607209 0.130320
vt 0.817689 0.356743
vt 0.787022 0.350520
vt 0.758081 0.345007
vt 0.822223 0.326525
vt 0.789971 0.320049
vt 0.760536 0.315098
vt 0.828353 0.294040
vt 0.794827 0.288777
vt 0.764387 0.284712
vt 0.124171 0.255346
vt 0.142687 0.237061
vt 0.161844 0.215924
vt 0.143440 0.276757
vt 0.163031 0.258521
vt 0.182719 0.237882
vt 0.163844 0.299456
vt 0.183668 0.280639
vt 0.203967 0.259947
vt 0.209713 0.345069
vt 0.228476 0.325383
vt 0.249124 0.305255
vt 0.232747 0.365440
vt 0.250658 0.346008
vt 0.271101 0.326584
vt 0.254419 0.384800
vt 0.272021 0.366386
vt 0.292831 0.347534
vt 0.294778 0.444500
vt 0.323582 0.430030
vt 0.353584 0.408578
vt 0.869939 0.478096
vt 0.320050 0.501248
vt 0.363626 0.487113
vt 0.827882 0.493873
vt 0.407623 0.461770
vt 0.778601 0.501523
vt 0.836640 0.426787
vt 0.801884 0.430419
vt 0.764470 0.428865
vt 0.873622 0.096233
vt 0.838163 0.085169
vt 0.800198 0.079276
vt 0.008573 0.189564
vt 0.918517 0.054005
vt 0.878202 0.028885
vt 0.023560 0.143279
vt 0.829995 0.011161
vt 0.049964 0.098284
vt 0.064815 0.215367
vt 0.079838 0.185006
vt 0.101652 0.153989
vt 0.836102 0.224789
vt 0.801509 0.223093
vt 0.770749 0.220852
vt 0.836941 0.191599
vt 0.803092 0.191354
vt 0.772660 0.190245
vt 0.838796 0.160894
vt 0.806374 0.160700
vt 0.776210 0.160404
vt 0.714415 0.216790
vt 0.687366 0.214680
vt 0.659021 0.211685
vt 0.718114 0.188462
vt 0.692165 0.187270
vt 0.665321 0.184459
vt 0.721389 0.161025
vt 0.695746 0.161070
vt 0.669781 0.158832
vt 0.649599 0.636086
vt 0.641854 0.564865
vt 0.583297 0.649536
vt 0.562796 0.579161
vt 0.616272 0.641361
vt 0.682679 0.669310
vt 0.529899 0.543140
vt 0.657371 0.517161
vt 0.567086 0.694690
vt 0.628685 0.698578
vt 0.588528 0.508966
vt 0.600954 0.569426
vt 0.654116 0.601581
vt 0.565221 0.617363
vt 0.712447 0.597461
vt 0.509223 0.637484
vt 0.608753 0.606007
vt 0.693872 0.682084
vt 0.705583 0.696696
vt 0.542260 0.555145
vt 0.551005 0.565623
vt 0.557975 0.573932
vt 0.562471 0.711185
vt 0.558206 0.729415
vt 0.653022 0.590991
vt 0.650277 0.580712
vt 0.645991 0.571421
vt 0.569593 0.627462
vt 0.574620 0.636591
vt 0.579603 0.644282
vt 0.625696 0.639681
vt 0.634846 0.638294
vt 0.643306 0.637076
vt 0.589574 0.647979
vt 0.597913 0.645804
vt 0.606926 0.643503
vt 0.632960 0.717967
vt 0.637522 0.738661
vt 0.654899 0.641078
vt 0.662813 0.648708
vt 0.672227 0.658150
vt 0.644307 0.557799
vt 0.647415 0.546867
vt 0.651078 0.533279
vt 0.580499 0.656484
vt 0.576429 0.667027
vt 0.571819 0.679875
vt 0.618573 0.652134
vt 0.621383 0.665173
vt 0.624750 0.680639
vt 0.638753 0.510253
vt 0.621463 0.507535
vt 0.604979 0.507058
vt 0.581480 0.698877
vt 0.596479 0.700969
vt 0.612381 0.700864
vt 0.644436 0.693820
vt 0.658874 0.687252
vt 0.671529 0.679078
vt 0.706855 0.571313
vt 0.693797 0.548172
vt 0.676555 0.529783
vt 0.519925 0.660908
vt 0.536458 0.677135
vt 0.552216 0.687779
vt 0.572826 0.513944
vt 0.558291 0.520986
vt 0.543996 0.530055
vt 0.592761 0.529501
vt 0.596027 0.545467
vt 0.598692 0.558572
vt 0.589532 0.571651
vt 0.578754 0.574256
vt 0.569376 0.576989
vt 0.606820 0.596917
vt 0.604894 0.587913
vt 0.602965 0.578912
vt 0.612648 0.567491
vt 0.624171 0.566049
vt 0.634520 0.565172
vt 0.650907 0.630187
vt 0.652448 0.621751
vt 0.653749 0.612044
vt 0.561543 0.586375
vt 0.561072 0.596241
vt 0.562302 0.606791
vt 0.692982 0.657001
vt 0.702238 0.641244
vt 0.708888 0.621535
vt 0.517032 0.561589
vt 0.507657 0.585018
vt 0.505064 0.611442
vt 0.614345 0.632274
vt 0.612509 0.623732
vt 0.610658 0.615012
vt 0.732961 0.603844
vt 0.576040 0.614058
vt 0.586805 0.610971
vt 0.597687 0.608230
vt 0.665898 0.600375
vt 0.678678 0.598980
vt 0.693818 0.597725
vt 0.553868 0.620861
vt 0.541124 0.624985
vt 0.526650 0.630292
vt 0.619995 0.604411
vt 0.631351 0.603297
vt 0.642693 0.602477
vt 0.635519 0.527919
vt 0.634406 0.542633
vt 0.633931 0.554917
vt 0.620682 0.526255
vt 0.621363 0.541843
vt 0.622552 0.554901
vt 0.606494 0.527218
vt 0.608510 0.543121
vt 0.610601 0.556297
vt 0.641779 0.592818
vt 0.630168 0.594073
vt 0.618446 0.595303
vt 0.639751 0.583394
vt 0.628399 0.584932
vt 0.616631 0.586266
vt 0.636925 0.574296
vt 0.626249 0.575773
vt 0.614666 0.577171
vt 0.534638 0.648832
vt 0.547322 0.639824
vt 0.558812 0.632863
vt 0.546289 0.663350
vt 0.556044 0.652157
vt 0.565426 0.643286
vt 0.559096 0.673507
vt 0.566010 0.661322
vt 0.572716 0.651452
vt 0.689278 0.577724
vt 0.675834 0.583296
vt 0.664131 0.587787
vt 0.679982 0.559016
vt 0.669323 0.568355
vt 0.659855 0.575698
vt 0.666581 0.543732
vt 0.659517 0.555701
vt 0.653103 0.565154
vt 0.638283 0.677101
vt 0.633001 0.662496
vt 0.628774 0.650074
vt 0.650962 0.672333
vt 0.644055 0.659195
vt 0.638570 0.647930
vt 0.662359 0.666206
vt 0.654108 0.654865
vt 0.647511 0.645293
vt 0.584351 0.683176
vt 0.587110 0.669212
vt 0.589149 0.657514
vt 0.597383 0.684017
vt 0.598178 0.669065
vt 0.598503 0.656363
vt 0.610955 0.683065
vt 0.609675 0.667524
vt 0.608391 0.654374
vt 0.595393 0.599161
vt 0.584201 0.601839
vt 0.573200 0.604534
vt 0.593399 0.590142
vt 0.582236 0.592723
vt 0.571491 0.595037
vt 0.591531 0.581117
vt 0.580628 0.583649
vt 0.570631 0.585838
vt 0.576300 0.735651
vt 0.578759 0.716454
vt 0.595750 0.740142
vt 0.595936 0.719747
vt 0.616578 0.741407
vt 0.614241 0.720418
vt 0.657692 0.732351
vt 0.650972 0.712321
vt 0.676081 0.722419
vt 0.667283 0.704001
vt 0.691840 0.710089
vt 0.681431 0.693757
vt 0.508015 0.678687
vt 0.520727 0.714482
vt 0.526631 0.694170
vt 0.540040 0.722453
vt 0.545669 0.704027
vt 0.579391 0.532881
vt 0.583812 0.548185
vt 0.587074 0.560933
vt 0.566482 0.537691
vt 0.571949 0.551817
vt 0.575910 0.563794
vt 0.554035 0.544720
vt 0.560837 0.557269
vt 0.565963 0.567806
vt 0.719014 0.682548
vt 0.705873 0.668469
vt 0.732961 0.666899
vt 0.718601 0.651312
vt 0.727455 0.628814
vt 0.605077 0.634360
vt 0.596062 0.636879
vt 0.587466 0.639918
vt 0.602780 0.625818
vt 0.593223 0.628498
vt 0.583852 0.631920
vt 0.600235 0.617165
vt 0.589966 0.619915
vt 0.579799 0.623295
vt 0.680894 0.647468
vt 0.669825 0.639709
vt 0.659925 0.633793
vt 0.688030 0.633696
vt 0.675128 0.628041
vt 0.663364 0.624054
vt 0.692727 0.616928
vt 0.678376 0.614175
vt 0.665423 0.612702
vt 0.532144 0.570122
vt 0.543448 0.577755
vt 0.552871 0.583483
vt 0.525562 0.588954
vt 0.539114 0.592724
vt 0.550568 0.595371
vt 0.523402 0.609694
vt 0.538459 0.608910
vt 0.550955 0.608155
vt 0.642025 0.629265
vt 0.632971 0.629718
vt 0.623708 0.630751
vt 0.642228 0.620995
vt 0.632256 0.621280
vt 0.622347 0.622233
vt 0.642685 0.611998
vt 0.631898 0.612487
vt 0.621233 0.613460
vt 0.652452 0.940072
vt 0.656169 0.944453
vt 0.671298 0.919747
vt 0.675957 0.923095
vt 0.675957 0.943022
vt 0.665995 0.933478
vt 0.655859 0.924442
vt 0.665780 0.933279
vt 0.655800 0.936088
vt 0.661358 0.919414
vt 0.666916 0.919414
vt 0.666194 0.933102
vt 0.672474 0.936088
vt 0.655800 0.930530
vt 0.661358 0.924972
vt 0.666916 0.924972
vt 0.672474 0.930530
vt 0.661358 0.936088
vt 0.666194 0.932824
vt 0.666916 0.936088
vt 0.661358 0.930530
vt 0.666916 0.930530
vt 0.655800 0.936088
vt 0.661358 0.919414
vt 0.666916 0.919414
vt 0.666194 0.933102
vt 0.672474 0.936088
vt 0.655800 0.930530
vt 0.661358 0.924972
vt 0.666916 0.924972
vt 0.672474 0.930530
vt 0.661358 0.936088
vt 0.666194 0.932824
vt 0.666916 0.936088
vt 0.661358 0.930530
vt 0.666916 0.930530
vt 0.666055 0.933102
vt 0.664137 0.941646
vt 0.664137 0.919414
vt 0.664137 0.924972
vt 0.664137 0.930530
vt 0.666055 0.932824
vt 0.664137 0.936088
vt 0.666055 0.933102
vt 0.664137 0.941646
vt 0.664137 0.919414
vt 0.664137 0.924972
vt 0.664137 0.930530
vt 0.666055 0.932824
vt 0.664137 0.936088
vt 0.669760 0.946095
vt 0.674409 0.942823
vt 0.651454 0.926016
vt 0.655222 0.921742
vt 0.674409 0.923263
vt 0.665035 0.932834
vt 0.654634 0.941127
vt 0.664733 0.933110
vt 0.669341 0.937579
vt 0.668718 0.936302
vt 0.668400 0.935647
vt 0.668157 0.935147
vt 0.667976 0.934780
vt 0.666648 0.937578
vt 0.667120 0.936404
vt 0.667346 0.935683
vt 0.667548 0.935192
vt 0.667679 0.934795
vt 0.664838 0.935794
vt 0.665926 0.935328
vt 0.666617 0.934994
vt 0.667079 0.934791
vt 0.667451 0.934610
vt 0.664823 0.933412
vt 0.665836 0.933750
vt 0.666527 0.934015
vt 0.667015 0.934175
vt 0.667420 0.934310
vt 0.666276 0.931420
vt 0.666874 0.932601
vt 0.667191 0.933237
vt 0.667435 0.933724
vt 0.667621 0.934090
vt 0.668795 0.931368
vt 0.668450 0.932433
vt 0.668202 0.933179
vt 0.668045 0.933657
vt 0.667915 0.934058
vt 0.670876 0.932895
vt 0.669651 0.933513
vt 0.668970 0.933823
vt 0.668496 0.934070
vt 0.668134 0.934255
vt 0.667795 0.934431
vt 0.670876 0.935475
vt 0.669790 0.935117
vt 0.669078 0.934847
vt 0.668574 0.934689
vt 0.668167 0.934547
vt 0.662820 0.937470
vt 0.662364 0.936347
vt 0.662073 0.935684
vt 0.661832 0.935194
vt 0.661678 0.934795
vt 0.660304 0.937526
vt 0.660781 0.936397
vt 0.661029 0.935685
vt 0.661206 0.935187
vt 0.661377 0.934805
vt 0.658439 0.935742
vt 0.659593 0.935281
vt 0.660315 0.934964
vt 0.660789 0.934755
vt 0.661161 0.934601
vt 0.658443 0.933161
vt 0.659575 0.933651
vt 0.660266 0.933952
vt 0.660750 0.934159
vt 0.661143 0.934302
vt 0.660239 0.931392
vt 0.660688 0.932523
vt 0.660976 0.933189
vt 0.661172 0.933700
vt 0.661351 0.934087
vt 0.662752 0.931368
vt 0.662269 0.932488
vt 0.662020 0.933196
vt 0.661797 0.933674
vt 0.661650 0.934067
vt 0.664584 0.933149
vt 0.663441 0.933603
vt 0.662723 0.933917
vt 0.662244 0.934103
vt 0.661863 0.934276
vt 0.661513 0.934438
vt 0.664584 0.935696
vt 0.663460 0.935217
vt 0.662773 0.934920
vt 0.662282 0.934738
vt 0.661882 0.934573
vt 0.657725 0.936088
vt 0.661358 0.939721
vt 0.655800 0.935436
vt 0.661358 0.920065
vt 0.656364 0.935897
vt 0.661358 0.941646
vt 0.661358 0.919414
vt 0.663654 0.939721
vt 0.666031 0.933006
vt 0.672474 0.935436
vt 0.666916 0.920065
vt 0.665961 0.941646
vt 0.665961 0.919414
vt 0.671910 0.936088
vt 0.666194 0.933074
vt 0.661358 0.935436
vt 0.659434 0.936088
vt 0.661358 0.938012
vt 0.660794 0.935897
vt 0.661358 0.936088
vt 0.663654 0.938012
vt 0.666031 0.932921
vt 0.666916 0.935436
vt 0.665961 0.936088
vt 0.667480 0.936088
vt 0.666194 0.932853
vt 0.657725 0.936088
vt 0.661358 0.939721
vt 0.655800 0.935436
vt 0.661358 0.920065
vt 0.656364 0.935897
vt 0.661358 0.941646
vt 0.661358 0.919414
vt 0.663654 0.939721
vt 0.666472 0.932792
vt 0.666916 0.920065
vt 0.672474 0.935436
vt 0.665961 0.941646
vt 0.665961 0.919414
vt 0.671910 0.936088
vt 0.666916 0.941082
vt 0.661358 0.935436
vt 0.659434 0.936088
vt 0.661358 0.938012
vt 0.660794 0.935897
vt 0.661358 0.936088
vt 0.663654 0.938012
vt 0.666194 0.932792
vt 0.666916 0.935436
vt 0.665961 0.936088
vt 0.667480 0.936088
vt 0.666916 0.936651
vt 0.664137 0.936088
vt 0.663188 0.937673
vt 0.661358 0.936088
vt 0.659773 0.936088
vt 0.661358 0.937673
vt 0.657385 0.936088
vt 0.661358 0.940061
vt 0.655800 0.936088
vt 0.661358 0.919414
vt 0.661358 0.941646
vt 0.664137 0.936088
vt 0.663188 0.937613
vt 0.661358 0.936088
vt 0.659833 0.936088
vt 0.661358 0.937613
vt 0.657325 0.936088
vt 0.661358 0.940121
vt 0.655800 0.936088
vt 0.661358 0.919414
vt 0.661358 0.941646
vt 0.663188 0.940121
vt 0.664137 0.919414
vt 0.664137 0.941646
vt 0.663188 0.940061
vt 0.664137 0.919414
vt 0.664137 0.941646
vt 0.663003 0.925943
vt 0.655800 0.930847
vt 0.661358 0.924655
vt 0.661858 0.924972
vt 0.656106 0.930530
vt 0.661358 0.925278
vt 0.672474 0.930847
vt 0.666916 0.924655
vt 0.665271 0.925943
vt 0.666409 0.924972
vt 0.672168 0.930530
vt 0.666916 0.925278
vt 0.663003 0.929559
vt 0.661358 0.930847
vt 0.661052 0.930530
vt 0.661358 0.930224
vt 0.661858 0.930530
vt 0.666916 0.930847
vt 0.665271 0.929559
vt 0.667222 0.930530
vt 0.666916 0.930224
vt 0.666409 0.930530
vt 0.663003 0.925943
vt 0.661358 0.924655
vt 0.655800 0.930847
vt 0.661858 0.924972
vt 0.656106 0.930530
vt 0.661358 0.925278
vt 0.666472 0.932563
vt 0.666916 0.924655
vt 0.672474 0.930847
vt 0.665271 0.925943
vt 0.666409 0.924972
vt 0.672168 0.930530
vt 0.666916 0.925278
vt 0.663003 0.929559
vt 0.661358 0.930847
vt 0.661052 0.930530
vt 0.661358 0.930224
vt 0.661858 0.930530
vt 0.666194 0.932563
vt 0.666916 0.930847
vt 0.665271 0.929559
vt 0.667222 0.930530
vt 0.666916 0.930224
vt 0.666409 0.930530
vt 0.521847 0.956537
vt 0.588540 0.906276
vt 0.563197 0.985849
vt 0.505064 0.908711
vt 0.519030 0.859988
vt 0.541430 0.972735
vt 0.537635 0.842677
vt 0.588540 0.987738
vt 0.510231 0.883829
vt 0.511673 0.933250
vt 0.672045 0.885171
vt 0.670458 0.882350
vt 0.668720 0.881483
vt 0.664889 0.881393
vt 0.662526 0.882382
vt 0.669508 0.886532
vt 0.668035 0.885710
vt 0.667062 0.885118
vt 0.665228 0.885176
vt 0.663778 0.884896
vt 0.668252 0.888680
vt 0.666764 0.887968
vt 0.665828 0.887520
vt 0.664709 0.886985
vt 0.663407 0.886362
vt 0.667369 0.891006
vt 0.665804 0.890375
vt 0.664733 0.889989
vt 0.663626 0.888525
vt 0.662498 0.887572
vt 0.667902 0.893835
vt 0.664709 0.894370
vt 0.662943 0.893561
vt 0.660469 0.890636
vt 0.659756 0.888175
vt 0.660191 0.884825
vt 0.672045 0.890494
s 0
usemtl Material
f 3/3/1 4/4/1 2/2/1 1/1/1
f 5/5/2 6/6/2 8/8/2 7/7/2
f 11/11/3 12/12/3 10/10/3 9/9/3
f 16/16/4 15/15/4 14/14/4 13/13/4
f 20/20/5 19/19/5 18/18/5 17/17/5
f 21/21/6 22/22/6 24/24/6 23/23/6
s 1
f 139/147/7 140/148/8 143/151/9 142/150/10
f 140/148/8 141/149/11 144/152/12 143/151/9
f 142/150/10 143/151/9 146/154/13 145/153/14
f 143/151/9 144/152/12 147/155/15 146/154/13
f 38/38/16 102/107/17 139/147/7 109/114/18
f 102/107/17 101/106/19 140/148/8 139/147/7
f 101/106/19 100/105/20 141/149/11 140/148/8
f 100/105/20 27/27/21 138/146/22 141/149/11
f 141/149/11 138/146/22 137/145/23 144/152/12
f 144/152/12 137/145/23 136/144/24 147/155/15
f 147/155/15 136/144/24 42/42/25 129/136/26
f 146/154/13 147/155/15 129/136/26 128/135/27
f 145/153/14 146/154/13 128/135/27 127/134/28
f 111/116/29 145/153/14 127/134/28 41/41/30
f 110/115/31 142/150/10 145/153/14 111/116/29
f 109/114/18 139/147/7 142/150/10 110/115/31
f 148/156/32 149/157/33 152/161/34 151/160/35
f 149/157/33 150/158/36 153/163/37 152/161/34
f 151/159/35 152/162/34 155/166/38 154/165/39
f 152/162/34 153/164/37 156/167/40 155/166/38
f 25/25/41 72/75/42 148/156/32 61/62/43
f 72/75/42 71/74/44 149/157/33 148/156/32
f 71/74/44 70/73/45 150/158/36 149/157/33
f 70/73/45 35/35/46 133/140/47 150/158/36
f 150/158/36 133/140/47 134/142/48 153/163/37
f 153/164/37 134/141/48 135/143/49 156/167/40
f 156/167/40 135/143/49 42/42/25 136/144/24
f 155/166/38 156/167/40 136/144/24 137/145/23
f 154/165/39 155/166/38 137/145/23 138/146/22
f 63/65/50 154/165/39 138/146/22 27/27/21
f 62/64/51 151/159/35 154/165/39 63/65/50
f 61/62/43 148/156/32 151/160/35 62/63/51
f 157/168/52 158/169/53 161/173/54 160/172/55
f 158/169/53 159/170/56 162/175/57 161/173/54
f 160/171/55 161/174/54 164/178/58 163/177/59
f 161/174/54 162/176/57 165/179/60 164/178/58
f 37/37/61 52/53/62 157/168/52 121/127/63
f 52/53/62 53/54/64 158/169/53 157/168/52
f 53/54/64 54/55/65 159/170/56 158/169/53
f 54/55/65 31/31/66 67/69/67 159/170/56
f 159/170/56 67/69/67 68/71/68 162/175/57
f 162/176/57 68/70/68 69/72/69 165/179/60
f 165/179/60 69/72/69 29/29/70 103/108/71
f 164/178/58 165/179/60 103/108/71 104/109/72
f 163/177/59 164/178/58 104/109/72 105/110/73
f 123/130/74 163/177/59 105/110/73 39/39/75
f 122/129/76 160/171/55 163/177/59 123/130/74
f 121/127/63 157/168/52 160/172/55 122/128/76
f 166/180/77 167/181/78 170/185/79 169/184/80
f 167/181/78 168/182/81 171/187/82 170/185/79
f 169/183/80 170/186/79 173/190/83 172/189/84
f 170/186/79 171/188/82 174/191/85 173/190/83
f 33/33/86 78/82/87 166/180/77 88/92/88
f 78/82/87 77/81/89 167/181/78 166/180/77
f 77/81/89 76/80/90 168/182/81 167/181/78
f 76/80/90 26/26/91 75/79/92 168/182/81
f 168/182/81 75/79/92 74/78/93 171/187/82
f 171/188/82 74/77/93 73/76/94 174/191/85
f 174/191/85 73/76/94 28/28/95 66/68/96
f 173/190/83 174/191/85 66/68/96 65/67/97
f 172/189/84 173/190/83 65/67/97 64/66/98
f 90/95/99 172/189/84 64/66/98 34/34/100
f 89/94/101 169/183/80 172/189/84 90/95/99
f 88/92/88 166/180/77 169/184/80 89/93/101
f 175/192/102 176/193/103 179/197/104 178/196/105
f 176/193/103 177/194/106 180/199/107 179/197/104
f 178/195/105 179/198/104 182/202/108 181/201/109
f 179/198/104 180/200/107 183/203/110 182/202/108
f 36/36/111 96/101/112 175/192/102 118/123/113
f 96/101/112 95/100/114 176/193/103 175/192/102
f 95/100/114 94/99/115 177/194/106 176/193/103
f 94/99/115 25/25/41 61/62/43 177/194/106
f 177/194/106 61/62/43 62/63/51 180/199/107
f 180/200/107 62/64/51 63/65/50 183/203/110
f 183/203/110 63/65/50 27/27/21 100/105/20
f 182/202/108 183/203/110 100/105/20 101/106/19
f 181/201/109 182/202/108 101/106/19 102/107/17
f 120/126/116 181/201/109 102/107/17 38/38/16
f 119/125/117 178/195/105 181/201/109 120/126/116
f 118/123/113 175/192/102 178/196/105 119/124/117
f 184/204/118 185/205/119 188/208/120 187/207/121
f 185/205/119 186/206/122 189/209/123 188/208/120
f 187/207/121 188/208/120 191/211/124 190/210/125
f 188/208/120 189/209/123 192/212/126 191/211/124
f 40/40/127 108/113/128 184/204/118 115/120/129
f 108/113/128 107/112/130 185/205/119 184/204/118
f 107/112/130 106/111/131 186/206/122 185/205/119
f 106/111/131 35/35/46 70/73/45 186/206/122
f 186/206/122 70/73/45 71/74/44 189/209/123
f 189/209/123 71/74/44 72/75/42 192/212/126
f 192/212/126 72/75/42 25/25/41 94/99/115
f 191/211/124 192/212/126 94/99/115 95/100/114
f 190/210/125 191/211/124 95/100/114 96/101/112
f 117/122/132 190/210/125 96/101/112 36/36/111
f 116/121/133 187/207/121 190/210/125 117/122/132
f 115/120/129 184/204/118 187/207/121 116/121/133
f 193/213/134 194/214/135 197/217/136 196/216/137
f 194/214/135 195/215/138 198/218/139 197/217/136
f 196/216/137 197/217/136 200/220/140 199/219/141
f 197/217/136 198/218/139 201/221/142 200/220/140
f 39/39/75 105/110/73 193/213/134 112/117/143
f 105/110/73 104/109/72 194/214/135 193/213/134
f 104/109/72 103/108/71 195/215/138 194/214/135
f 103/108/71 29/29/70 82/86/144 195/215/138
f 195/215/138 82/86/144 83/87/145 198/218/139
f 198/218/139 83/87/145 84/88/146 201/221/142
f 201/221/142 84/88/146 35/35/46 106/111/131
f 200/220/140 201/221/142 106/111/131 107/112/130
f 199/219/141 200/220/140 107/112/130 108/113/128
f 114/119/147 199/219/141 108/113/128 40/40/127
f 113/118/148 196/216/137 199/219/141 114/119/147
f 112/117/143 193/213/134 196/216/137 113/118/148
f 202/222/149 203/223/150 206/227/151 205/226/152
f 203/223/150 204/224/153 207/229/154 206/227/151
f 205/225/152 206/228/151 209/232/155 208/231/156
f 206/228/151 207/230/154 210/233/157 209/232/155
f 30/30/158 48/49/159 202/222/149 43/43/160
f 48/49/159 47/48/161 203/223/150 202/222/149
f 47/48/161 46/47/162 204/224/153 203/223/150
f 46/47/162 33/33/86 88/92/88 204/224/153
f 204/224/153 88/92/88 89/93/101 207/229/154
f 207/230/154 89/94/101 90/95/99 210/233/157
f 210/233/157 90/95/99 34/34/100 81/85/163
f 209/232/155 210/233/157 81/85/163 80/84/164
f 208/231/156 209/232/155 80/84/164 79/83/165
f 45/46/166 208/231/156 79/83/165 32/32/167
f 44/45/168 205/225/152 208/231/156 45/46/166
f 43/43/160 202/222/149 205/226/152 44/44/168
f 211/234/169 212/235/170 215/239/171 214/238/172
f 212/235/170 213/236/173 216/241/174 215/239/171
f 214/237/172 215/240/171 218/244/175 217/243/176
f 215/240/171 216/242/174 219/245/177 218/244/175
f 35/35/46 84/88/146 211/234/169 133/140/47
f 84/88/146 83/87/145 212/235/170 211/234/169
f 83/87/145 82/86/144 213/236/173 212/235/170
f 82/86/144 29/29/70 69/72/69 213/236/173
f 213/236/173 69/72/69 68/70/68 216/241/174
f 216/242/174 68/71/68 67/69/67 219/245/177
f 219/245/177 67/69/67 31/31/66 132/139/178
f 218/244/175 219/245/177 132/139/178 131/138/179
f 217/243/176 218/244/175 131/138/179 130/137/180
f 135/143/49 217/243/176 130/137/180 42/42/25
f 134/141/48 214/237/172 217/243/176 135/143/49
f 133/140/47 211/234/169 214/238/172 134/142/48
f 220/246/181 221/247/182 224/250/183 223/249/184
f 221/247/182 222/248/185 225/251/186 224/250/183
f 223/249/184 224/250/183 227/253/187 226/252/188
f 224/250/183 225/251/186 228/254/189 227/253/187
f 28/28/95 57/58/190 220/246/181 66/68/96
f 57/58/190 56/57/191 221/247/182 220/246/181
f 56/57/191 55/56/192 222/248/185 221/247/182
f 55/56/192 38/38/16 109/114/18 222/248/185
f 222/248/185 109/114/18 110/115/31 225/251/186
f 225/251/186 110/115/31 111/116/29 228/254/189
f 228/254/189 111/116/29 41/41/30 91/96/193
f 227/253/187 228/254/189 91/96/193 92/97/194
f 226/252/188 227/253/187 92/97/194 93/98/195
f 64/66/98 226/252/188 93/98/195 34/34/100
f 65/67/97 223/249/184 226/252/188 64/66/98
f 66/68/96 220/246/181 223/249/184 65/67/97
f 229/255/196 230/256/197 233/259/198 232/258/199
f 230/256/197 231/257/200 234/260/201 233/259/198
f 232/258/199 233/259/198 236/262/202 235/261/203
f 233/259/198 234/260/201 237/263/204 236/262/202
f 30/30/158 60/61/205 229/255/196 48/49/159
f 60/61/205 59/60/206 230/256/197 229/255/196
f 59/60/206 58/59/207 231/257/200 230/256/197
f 58/59/207 39/39/75 112/117/143 231/257/200
f 231/257/200 112/117/143 113/118/148 234/260/201
f 234/260/201 113/118/148 114/119/147 237/263/204
f 237/263/204 114/119/147 40/40/127 85/89/208
f 236/262/202 237/263/204 85/89/208 86/90/209
f 235/261/203 236/262/202 86/90/209 87/91/210
f 46/47/162 235/261/203 87/91/210 33/33/86
f 47/48/161 232/258/199 235/261/203 46/47/162
f 48/49/159 229/255/196 232/258/199 47/48/161
f 238/264/211 239/265/212 242/268/213 241/267/214
f 239/265/212 240/266/215 243/269/216 242/268/213
f 241/267/214 242/268/213 245/271/217 244/270/218
f 242/268/213 243/269/216 246/272/219 245/271/217
f 33/33/86 87/91/210 238/264/211 78/82/87
f 87/91/210 86/90/209 239/265/212 238/264/211
f 86/90/209 85/89/208 240/266/215 239/265/212
f 85/89/208 40/40/127 115/120/129 240/266/215
f 240/266/215 115/120/129 116/121/133 243/269/216
f 243/269/216 116/121/133 117/122/132 246/272/219
f 246/272/219 117/122/132 36/36/111 49/50/220
f 245/271/217 246/272/219 49/50/220 50/51/221
f 244/270/218 245/271/217 50/51/221 51/52/222
f 76/80/90 244/270/218 51/52/222 26/26/91
f 77/81/89 241/267/214 244/270/218 76/80/90
f 78/82/87 238/264/211 241/267/214 77/81/89
f 247/273/223 248/274/224 251/278/225 250/277/226
f 248/274/224 249/275/227 252/280/228 251/278/225
f 250/276/226 251/279/225 254/283/229 253/282/230
f 251/279/225 252/281/228 255/284/231 254/283/229
f 26/26/91 51/52/222 247/273/223 75/79/92
f 51/52/222 50/51/221 248/274/224 247/273/223
f 50/51/221 49/50/220 249/275/227 248/274/224
f 49/50/220 36/36/111 118/123/113 249/275/227
f 249/275/227 118/123/113 119/124/117 252/280/228
f 252/281/228 119/125/117 120/126/116 255/284/231
f 255/284/231 120/126/116 38/38/16 55/56/192
f 254/283/229 255/284/231 55/56/192 56/57/191
f 253/282/230 254/283/229 56/57/191 57/58/190
f 73/76/94 253/282/230 57/58/190 28/28/95
f 74/77/93 250/276/226 253/282/230 73/76/94
f 75/79/92 247/273/223 250/277/226 74/78/93
f 256/285/232 257/286/233 260/290/234 259/289/235
f 257/286/233 258/287/236 261/292/237 260/290/234
f 259/288/235 260/291/234 263/295/238 262/294/239
f 260/291/234 261/293/237 264/296/240 263/295/238
f 32/32/167 97/102/241 256/285/232 45/46/166
f 97/102/241 98/103/242 257/286/233 256/285/232
f 98/103/242 99/104/243 258/287/236 257/286/233
f 99/104/243 37/37/61 121/127/63 258/287/236
f 258/287/236 121/127/63 122/128/76 261/292/237
f 261/293/237 122/129/76 123/130/74 264/296/240
f 264/296/240 123/130/74 39/39/75 58/59/207
f 263/295/238 264/296/240 58/59/207 59/60/206
f 262/294/239 263/295/238 59/60/206 60/61/205
f 43/43/160 262/294/239 60/61/205 30/30/158
f 44/44/168 259/288/235 262/294/239 43/43/160
f 45/46/166 256/285/232 259/289/235 44/45/168
f 265/297/244 266/298/245 269/301/246 268/300/247
f 266/298/245 267/299/248 270/302/249 269/301/246
f 268/300/247 269/301/246 272/304/250 271/303/251
f 269/301/246 270/302/249 273/305/252 272/304/250
f 34/34/100 93/98/195 265/297/244 81/85/163
f 93/98/195 92/97/194 266/298/245 265/297/244
f 92/97/194 91/96/193 267/299/248 266/298/245
f 91/96/193 41/41/30 124/131/253 267/299/248
f 267/299/248 124/131/253 125/132/254 270/302/249
f 270/302/249 125/132/254 126/133/255 273/305/252
f 273/305/252 126/133/255 37/37/61 99/104/243
f 272/304/250 273/305/252 99/104/243 98/103/242
f 271/303/251 272/304/250 98/103/242 97/102/241
f 79/83/165 271/303/251 97/102/241 32/32/167
f 80/84/164 268/300/247 271/303/251 79/83/165
f 81/85/163 265/297/244 268/300/247 80/84/164
f 274/306/256 275/307/257 278/310/258 277/309/259
f 275/307/257 276/308/260 279/311/261 278/310/258
f 277/309/259 278/310/258 281/313/262 280/312/263
f 278/310/258 279/311/261 282/314/264 281/313/262
f 41/41/30 127/134/28 274/306/256 124/131/253
f 127/134/28 128/135/27 275/307/257 274/306/256
f 128/135/27 129/136/26 276/308/260 275/307/257
f 129/136/26 42/42/25 130/137/180 276/308/260
f 276/308/260 130/137/180 131/138/179 279/311/261
f 279/311/261 131/138/179 132/139/178 282/314/264
f 282/314/264 132/139/178 31/31/66 54/55/65
f 281/313/262 282/314/264 54/55/65 53/54/64
f 280/312/263 281/313/262 53/54/64 52/53/62
f 126/133/255 280/312/263 52/53/62 37/37/61
f 125/132/254 277/309/259 280/312/263 126/133/255
f 124/131/253 274/306/256 277/309/259 125/132/254
f 391/423/265 392/424/266 395/427/267 394/426/268
f 392/424/266 393/425/269 396/428/270 395/427/267
f 394/426/268 395/427/267 398/430/271 397/429/272
f 395/427/267 396/428/270 399/431/273 398/430/271
f 290/322/274 326/358/275 391/423/265 333/365/276
f 326/358/275 325/357/277 392/424/266 391/423/265
f 325/357/277 324/356/278 393/425/269 392/424/266
f 324/356/278 284/316/279 362/394/280 393/425/269
f 393/425/269 362/394/280 361/393/281 396/428/270
f 396/428/270 361/393/281 360/392/282 399/431/273
f 399/431/273 360/392/282 294/326/283 353/385/284
f 398/430/271 399/431/273 353/385/284 352/384/285
f 397/429/272 398/430/271 352/384/285 351/383/286
f 335/367/287 397/429/272 351/383/286 293/325/288
f 334/366/289 394/426/268 397/429/272 335/367/287
f 333/365/276 391/423/265 394/426/268 334/366/289
f 400/432/290 401/433/291 404/436/292 403/435/293
f 401/433/291 402/434/294 405/437/295 404/436/292
f 403/435/293 404/436/292 407/439/296 406/438/297
f 404/436/292 405/437/295 408/440/298 407/439/296
f 295/327/299 390/422/300 400/432/290 307/339/301
f 390/422/300 389/421/302 401/433/291 400/432/290
f 389/421/302 388/420/303 402/434/294 401/433/291
f 388/420/303 299/331/304 357/389/305 402/434/294
f 402/434/294 357/389/305 358/390/306 405/437/295
f 405/437/295 358/390/306 359/391/307 408/440/298
f 408/440/298 359/391/307 294/326/283 360/392/282
f 407/439/296 408/440/298 360/392/282 361/393/281
f 406/438/297 407/439/296 361/393/281 362/394/280
f 309/341/308 406/438/297 362/394/280 284/316/279
f 308/340/309 403/435/293 406/438/297 309/341/308
f 307/339/301 400/432/290 403/435/293 308/340/309
f 409/441/310 410/442/311 413/445/312 412/444/313
f 410/442/311 411/443/314 414/446/315 413/445/312
f 412/444/313 413/445/312 416/448/316 415/447/317
f 413/445/312 414/446/315 417/449/318 416/448/316
f 298/330/319 387/419/320 409/441/310 345/377/321
f 387/419/320 386/418/322 410/442/311 409/441/310
f 386/418/322 385/417/323 411/443/314 410/442/311
f 385/417/323 296/328/324 310/342/325 411/443/314
f 411/443/314 310/342/325 311/343/326 414/446/315
f 414/446/315 311/343/326 312/344/327 417/449/318
f 417/449/318 312/344/327 285/317/328 327/359/329
f 416/448/316 417/449/318 327/359/329 328/360/330
f 415/447/317 416/448/316 328/360/330 329/361/331
f 347/379/332 415/447/317 329/361/331 291/323/333
f 346/378/334 412/444/313 415/447/317 347/379/332
f 345/377/321 409/441/310 412/444/313 346/378/334
f 418/450/335 419/451/336 422/454/337 421/453/338
f 419/451/336 420/452/339 423/455/340 422/454/337
f 421/453/338 422/454/337 425/457/341 424/456/342
f 422/454/337 423/455/340 426/458/343 425/457/341
f 297/329/344 384/416/345 418/450/335 342/374/346
f 384/416/345 383/415/347 419/451/336 418/450/335
f 383/415/347 382/414/348 420/452/339 419/451/336
f 382/414/348 295/327/299 307/339/301 420/452/339
f 420/452/339 307/339/301 308/340/309 423/455/340
f 423/455/340 308/340/309 309/341/308 426/458/343
f 426/458/343 309/341/308 284/316/279 324/356/278
f 425/457/341 426/458/343 324/356/278 325/357/277
f 424/456/342 425/457/341 325/357/277 326/358/275
f 344/376/349 424/456/342 326/358/275 290/322/274
f 343/375/350 421/453/338 424/456/342 344/376/349
f 342/374/346 418/450/335 421/453/338 343/375/350
f 427/459/351 428/460/352 431/463/353 430/462/354
f 428/460/352 429/461/355 432/464/356 431/463/353
f 430/462/354 431/463/353 434/466/357 433/465/358
f 431/463/353 432/464/356 435/467/359 434/466/357
f 292/324/360 332/364/361 427/459/351 339/371/362
f 332/364/361 331/363/363 428/460/352 427/459/351
f 331/363/363 330/362/364 429/461/355 428/460/352
f 330/362/364 287/319/365 313/345/366 429/461/355
f 429/461/355 313/345/366 314/346/367 432/464/356
f 432/464/356 314/346/367 315/347/368 435/467/359
f 435/467/359 315/347/368 283/315/369 321/353/370
f 434/466/357 435/467/359 321/353/370 322/354/371
f 433/465/358 434/466/357 322/354/371 323/355/372
f 341/373/373 433/465/358 323/355/372 288/320/374
f 340/372/375 430/462/354 433/465/358 341/373/373
f 339/371/362 427/459/351 430/462/354 340/372/375
f 436/468/376 437/469/377 440/472/378 439/471/379
f 437/469/377 438/470/380 441/473/381 440/472/378
f 439/471/379 440/472/378 443/475/382 442/474/383
f 440/472/378 441/473/381 444/476/384 443/475/382
f 291/323/333 329/361/331 436/468/376 336/368/385
f 329/361/331 328/360/330 437/469/377 436/468/376
f 328/360/330 327/359/329 438/470/380 437/469/377
f 327/359/329 285/317/328 316/348/386 438/470/380
f 438/470/380 316/348/386 317/349/387 441/473/381
f 441/473/381 317/349/387 318/350/388 444/476/384
f 444/476/384 318/350/388 287/319/365 330/362/364
f 443/475/382 444/476/384 330/362/364 331/363/363
f 442/474/383 443/475/382 331/363/363 332/364/361
f 338/370/389 442/474/383 332/364/361 292/324/360
f 337/369/390 439/471/379 442/474/383 338/370/389
f 336/368/385 436/468/376 439/471/379 337/369/390
f 445/477/391 446/478/392 449/481/393 448/480/394
f 446/478/392 447/479/395 450/482/396 449/481/393
f 448/480/394 449/481/393 452/484/397 451/483/398
f 449/481/393 450/482/396 453/485/399 452/484/397
f 299/331/304 381/413/400 445/477/391 357/389/305
f 381/413/400 380/412/401 446/478/392 445/477/391
f 380/412/401 379/411/402 447/479/395 446/478/392
f 379/411/402 296/328/324 368/400/403 447/479/395
f 447/479/395 368/400/403 367/399/404 450/482/396
f 450/482/396 367/399/404 366/398/405 453/485/399
f 453/485/399 366/398/405 286/318/406 356/388/407
f 452/484/397 453/485/399 356/388/407 355/387/408
f 451/483/398 452/484/397 355/387/408 354/386/409
f 359/391/307 451/483/398 354/386/409 294/326/283
f 358/390/306 448/480/394 451/483/398 359/391/307
f 357/389/305 445/477/391 448/480/394 358/390/306
f 454/486/410 455/487/411 457/489/412 456/488/413
f 456/488/413 457/489/412 459/491/414 458/490/415
f 306/338/416 305/337/417 455/487/411 454/486/410
f 305/337/417 291/323/333 336/368/385 455/487/411
f 455/487/411 336/368/385 337/369/390 457/489/412
f 457/489/412 337/369/390 338/370/389 459/491/414
f 459/491/414 338/370/389 292/324/360 319/351/418
f 458/490/415 459/491/414 319/351/418 320/352/419
f 460/492/420 461/493/421 463/495/422 462/494/423
f 462/494/423 463/495/422 465/497/424 464/496/425
f 320/352/419 319/351/418 461/493/421 460/492/420
f 319/351/418 292/324/360 339/371/362 461/493/421
f 461/493/421 339/371/362 340/372/375 463/495/422
f 463/495/422 340/372/375 341/373/373 465/497/424
f 465/497/424 341/373/373 288/320/374 300/332/426
f 464/496/425 465/497/424 300/332/426 301/333/427
f 467/499/428 468/500/429 470/502/430 469/501/431
f 466/498/432 345/377/321 346/378/334 468/500/429
f 468/500/429 346/378/334 347/379/332 470/502/430
f 470/502/430 347/379/332 291/323/333 305/337/417
f 469/501/431 470/502/430 305/337/417 306/338/416
f 471/503/433 472/504/434 475/507/435 474/506/436
f 472/504/434 473/505/437 476/508/438 475/507/435
f 474/506/436 475/507/435 478/510/439 477/509/440
f 475/507/435 476/508/438 479/511/441 478/510/439
f 293/325/288 351/383/286 471/503/433 348/380/442
f 351/383/286 352/384/285 472/504/434 471/503/433
f 352/384/285 353/385/284 473/505/437 472/504/434
f 353/385/284 294/326/283 354/386/409 473/505/437
f 473/505/437 354/386/409 355/387/408 476/508/438
f 476/508/438 355/387/408 356/388/407 479/511/441
f 479/511/441 356/388/407 286/318/406 304/336/443
f 478/510/439 479/511/441 304/336/443 303/335/444
f 477/509/440 478/510/439 303/335/444 302/334/445
f 350/382/446 477/509/440 302/334/445 289/321/447
f 349/381/448 474/506/436 477/509/440 350/382/446
f 348/380/442 471/503/433 474/506/436 349/381/448
f 480/512/449 481/513/450 483/515/451 482/514/452
f 301/333/427 300/332/426 481/513/450 480/512/449
f 300/332/426 288/320/374 369/401/453 481/513/450
f 481/513/450 369/401/453 370/402/454 483/515/451
f 483/515/451 370/402/454 371/403/455 484/516/456
f 484/516/456 371/403/455 297/329/344 378/410/457
f 485/517/458 486/518/459 489/521/460 488/520/461
f 486/518/459 487/519/462 490/522/463 489/521/460
f 488/520/461 489/521/460 492/524/464 491/523/465
f 489/521/460 490/522/463 493/525/466 492/524/464
f 287/319/365 318/350/388 485/517/458 375/407/467
f 318/350/388 317/349/387 486/518/459 485/517/458
f 317/349/387 316/348/386 487/519/462 486/518/459
f 316/348/386 285/317/328 312/344/327 487/519/462
f 487/519/462 312/344/327 311/343/326 490/522/463
f 490/522/463 311/343/326 310/342/325 493/525/466
f 493/525/466 310/342/325 296/328/324 379/411/402
f 492/524/464 493/525/466 379/411/402 380/412/401
f 491/523/465 492/524/464 380/412/401 381/413/400
f 377/409/468 491/523/465 381/413/400 299/331/304
f 376/408/469 488/520/461 491/523/465 377/409/468
f 375/407/467 485/517/458 488/520/461 376/408/469
f 494/526/470 495/527/471 498/530/472 497/529/473
f 495/527/471 496/528/474 499/531/475 498/530/472
f 497/529/473 498/530/472 501/533/476 500/532/477
f 498/530/472 499/531/475 502/534/478 501/533/476
f 288/320/374 323/355/372 494/526/470 369/401/453
f 323/355/372 322/354/371 495/527/471 494/526/470
f 322/354/371 321/353/370 496/528/474 495/527/471
f 321/353/370 283/315/369 363/395/479 496/528/474
f 496/528/474 363/395/479 364/396/480 499/531/475
f 499/531/475 364/396/480 365/397/481 502/534/478
f 502/534/478 365/397/481 295/327/299 382/414/348
f 501/533/476 502/534/478 382/414/348 383/415/347
f 500/532/477 501/533/476 383/415/347 384/416/345
f 371/403/455 500/532/477 384/416/345 297/329/344
f 370/402/454 497/529/473 500/532/477 371/403/455
f 369/401/453 494/526/470 497/529/473 370/402/454
f 503/535/482 504/536/483 507/539/484 506/538/485
f 504/536/483 505/537/486 508/540/487 507/539/484
f 506/538/485 507/539/484 510/542/488 509/541/489
f 507/539/484 508/540/487 511/543/490 510/542/488
f 289/321/447 302/334/445 503/535/482 372/404/491
f 302/334/445 303/335/444 504/536/483 503/535/482
f 303/335/444 304/336/443 505/537/486 504/536/483
f 304/336/443 286/318/406 366/398/405 505/537/486
f 505/537/486 366/398/405 367/399/404 508/540/487
f 508/540/487 367/399/404 368/400/403 511/543/490
f 511/543/490 368/400/403 296/328/324 385/417/323
f 510/542/488 511/543/490 385/417/323 386/418/322
f 509/541/489 510/542/488 386/418/322 387/419/320
f 374/406/492 509/541/489 387/419/320 298/330/319
f 373/405/493 506/538/485 509/541/489 374/406/492
f 372/404/491 503/535/482 506/538/485 373/405/493
f 512/544/494 513/545/495 516/548/496 515/547/497
f 513/545/495 514/546/498 517/549/499 516/548/496
f 515/547/497 516/548/496 519/551/500 518/550/501
f 516/548/496 517/549/499 520/552/502 519/551/500
f 283/315/369 315/347/368 512/544/494 363/395/479
f 315/347/368 314/346/367 513/545/495 512/544/494
f 314/346/367 313/345/366 514/546/498 513/545/495
f 313/345/366 287/319/365 375/407/467 514/546/498
f 514/546/498 375/407/467 376/408/469 517/549/499
f 517/549/499 376/408/469 377/409/468 520/552/502
f 520/552/502 377/409/468 299/331/304 388/420/303
f 519/551/500 520/552/502 388/420/303 389/421/302
f 518/550/501 519/551/500 389/421/302 390/422/300
f 365/397/481 518/550/501 390/422/300 295/327/299
f 364/396/480 515/547/497 518/550/501 365/397/481
f 363/395/479 512/544/494 515/547/497 364/396/480
s 0
f 526/558/503 528/560/503 523/555/503 524/556/503
f 525/557/504 526/558/504 524/556/504
f 527/559/505 528/560/505 521/553/505
f 523/555/506 528/560/506 527/559/506
f 522/554/507 526/558/507 525/557/507
f 526/558/508 522/554/508 521/553/508 528/560/508
s 1
f 650/710/509 652/713/510 646/700/511 643/694/512
f 684/772/513 690/784/514 649/708/515 651/711/516 650/709/509 643/693/512 645/697/517 644/695/518
f 704/811/519 698/799/520 659/727/521 665/740/522
f 690/784/514 692/788/523 653/715/524 649/708/515
f 683/771/525 687/779/526 693/789/527 689/783/528
f 656/722/529 659/728/521 698/800/520 696/794/530
f 662/736/531 664/739/532 658/726/533 655/720/534
f 696/795/530 702/807/535 661/734/536 663/737/537 662/735/531 655/719/534 657/723/538 656/721/529
f 702/807/535 704/812/519 665/741/522 661/734/536
f 695/793/539 699/802/540 705/813/541 701/806/542
f 549/598/543 530/563/544 532/568/545 550/599/546
f 550/599/546 532/568/545 536/574/547 551/600/548
f 551/600/548 536/574/547 534/572/549 552/602/550
f 552/601/550 534/571/549 530/564/544 549/596/543
f 531/566/551 535/573/552 533/570/553 529/561/554
f 536/574/547 532/569/545 530/565/544 534/572/549
f 545/591/555 538/577/556 540/582/557 546/592/558
f 546/592/558 540/582/557 544/588/559 547/593/560
f 547/593/560 544/588/559 542/586/561 548/595/562
f 548/594/562 542/585/561 538/578/556 545/589/555
f 539/580/563 543/587/564 541/584/565 537/575/566
f 544/588/559 540/583/557 538/579/556 542/586/561
f 541/584/565 548/595/562 673/755/567 675/757/568
f 543/587/564 547/593/560 548/595/562 541/584/565
f 539/581/563 546/592/558 547/593/560 543/587/564
f 537/576/566 545/591/555 546/592/558 539/581/563
f 529/561/554 533/570/553 669/747/569 670/748/570 671/750/571 672/752/572
f 535/573/552 551/600/548 552/602/550 533/570/553
f 531/567/551 550/599/546 551/600/548 535/573/552
f 529/562/554 549/598/543 550/599/546 531/567/551
f 548/595/562 545/590/555 680/767/573 673/755/567
f 552/602/550 549/597/543 682/770/574 667/745/575
f 549/598/543 529/562/554 672/753/572 682/769/574
f 676/759/576 674/756/577 679/765/578 677/761/579
f 537/575/566 541/584/565 675/757/568 676/758/576 677/760/579 678/762/580
f 545/591/555 537/576/566 678/763/580 680/766/573
f 670/749/570 668/746/581 681/768/582 671/751/571
s 0
f 558/608/583 560/610/583 555/605/583 556/606/583
f 557/607/584 558/608/584 556/606/584
f 559/609/585 560/610/585 553/603/585
f 555/605/586 560/610/586 559/609/586
f 554/604/587 558/608/587 557/607/587
f 558/608/588 554/604/588 553/603/588 560/610/588
s 1
f 596/646/589 565/615/590 570/620/591
f 564/614/592 563/613/593 568/618/594 569/619/595
f 562/612/596 561/611/597 566/616/598 567/617/599
f 565/615/590 564/614/592 569/619/595 570/620/591
f 563/613/593 562/612/596 567/617/599 568/618/594
f 570/620/591 569/619/595 574/624/600 575/625/601
f 568/618/594 567/617/599 572/622/602 573/623/603
f 596/646/589 570/620/591 575/625/601
f 569/619/595 568/618/594 573/623/603 574/624/600
f 567/617/599 566/616/598 571/621/604 572/622/602
f 573/623/603 572/622/602 577/627/605 578/628/606
f 596/646/589 575/625/601 580/630/607
f 574/624/600 573/623/603 578/628/606 579/629/608
f 572/622/602 571/621/604 576/626/609 577/627/605
f 575/625/601 574/624/600 579/629/608 580/630/607
f 596/646/589 580/630/607 585/635/610
f 579/629/608 578/628/606 583/633/611 584/634/612
f 577/627/605 576/626/609 581/631/613 582/632/614
f 580/630/607 579/629/608 584/634/612 585/635/610
f 578/628/606 577/627/605 582/632/614 583/633/611
f 582/632/614 581/631/613 586/636/615 587/637/616
f 585/635/610 584/634/612 589/639/617 590/640/618
f 583/633/611 582/632/614 587/637/616 588/638/619
f 596/646/589 585/635/610 590/640/618
f 584/634/612 583/633/611 588/638/619 589/639/617
f 590/640/618 589/639/617 594/644/620 595/645/621
f 588/638/619 587/637/616 592/642/622 593/643/623
f 596/646/589 590/640/618 595/645/621
f 589/639/617 588/638/619 593/643/623 594/644/620
f 587/637/616 586/636/615 591/641/624 592/642/622
f 596/646/589 595/645/621 601/651/625
f 594/644/620 593/643/623 599/649/626 600/650/627
f 592/642/622 591/641/624 597/647/628 598/648/629
f 595/645/621 594/644/620 600/650/627 601/651/625
f 593/643/623 592/642/622 598/648/629 599/649/626
f 596/646/589 601/651/625 565/615/590
f 600/650/627 599/649/626 563/613/593 564/614/592
f 598/648/629 597/647/628 561/611/597 562/612/596
f 601/651/625 600/650/627 564/614/592 565/615/590
f 599/649/626 598/648/629 562/612/596 563/613/593
f 637/687/589 606/656/590 611/661/591
f 605/655/592 604/654/593 609/659/594 610/660/595
f 603/653/596 602/652/597 607/657/598 608/658/599
f 606/656/590 605/655/592 610/660/595 611/661/591
f 604/654/593 603/653/596 608/658/599 609/659/594
f 611/661/591 610/660/595 615/665/600 616/666/601
f 609/659/594 608/658/599 613/663/602 614/664/603
f 637/687/589 611/661/591 616/666/601
f 610/660/595 609/659/594 614/664/603 615/665/600
f 608/658/599 607/657/598 612/662/604 613/663/602
f 614/664/603 613/663/602 618/668/605 619/669/606
f 637/687/589 616/666/601 621/671/607
f 615/665/600 614/664/603 619/669/606 620/670/608
f 613/663/602 612/662/604 617/667/609 618/668/605
f 616/666/601 615/665/600 620/670/608 621/671/607
f 637/687/589 621/671/607 626/676/610
f 620/670/608 619/669/606 624/674/611 625/675/612
f 618/668/605 617/667/609 622/672/613 623/673/614
f 621/671/607 620/670/608 625/675/612 626/676/610
f 619/669/606 618/668/605 623/673/614 624/674/611
f 623/673/614 622/672/613 627/677/615 628/678/616
f 626/676/610 625/675/612 630/680/617 631/681/618
f 624/674/611 623/673/614 628/678/616 629/679/619
f 637/687/589 626/676/610 631/681/618
f 625/675/612 624/674/611 629/679/619 630/680/617
f 631/681/618 630/680/617 635/685/620 636/686/621
f 629/679/619 628/678/616 633/683/622 634/684/623
f 637/687/589 631/681/618 636/686/621
f 630/680/617 629/679/619 634/684/623 635/685/620
f 628/678/616 627/677/615 632/682/624 633/683/622
f 637/687/589 636/686/621 642/692/625
f 635/685/620 634/684/623 640/690/626 641/691/627
f 633/683/622 632/682/624 638/688/628 639/689/629
f 636/686/621 635/685/620 641/691/627 642/692/625
f 634/684/623 633/683/622 639/689/629 640/690/626
f 637/687/589 642/692/625 606/656/590
f 641/691/627 640/690/626 604/654/593 605/655/592
f 639/689/629 638/688/628 602/652/597 603/653/596
f 642/692/625 641/691/627 605/655/592 606/656/590
f 640/690/626 639/689/629 603/653/596 604/654/593
f 643/694/512 646/700/511 648/704/630 645/698/517
f 645/699/517 648/705/630 647/703/631 644/696/518
f 652/713/510 650/710/509 651/712/516 654/716/632
f 654/716/632 651/712/516 649/708/515 653/715/524
f 653/715/524 647/702/631 648/706/630 654/717/632
f 654/718/632 648/707/630 646/701/511 652/714/510
f 655/720/534 658/726/533 660/730/633 657/724/538
f 657/725/538 660/731/633 659/728/521 656/722/529
f 664/739/532 662/736/531 663/738/537 666/742/634
f 666/742/634 663/738/537 661/734/536 665/741/522
f 665/741/522 659/729/521 660/732/633 666/743/634
f 666/744/634 660/733/633 658/726/533 664/739/532
f 692/788/523 686/777/635 647/702/631 653/715/524
f 668/746/581 670/749/570 669/747/569 667/745/575
f 674/756/577 676/759/576 675/757/568 673/755/567
f 677/761/579 679/765/578 680/767/573 678/764/580
f 673/755/567 680/767/573 679/765/578 674/756/577
f 671/751/571 681/768/582 682/770/574 672/754/572
f 667/745/575 682/770/574 681/768/582 668/746/581
f 533/570/553 552/602/550 667/745/575 669/747/569
f 687/779/526 683/771/525 685/774/636 688/780/637
f 688/780/637 685/774/636 684/773/513 686/778/635
f 690/784/514 684/772/513 685/775/636 691/785/638
f 691/786/638 685/776/636 683/771/525 689/783/528
f 686/777/635 692/788/523 694/790/639 688/781/637
f 688/782/637 694/791/639 693/789/527 687/779/526
f 692/788/523 690/784/514 691/787/638 694/792/639
f 694/792/639 691/787/638 689/783/528 693/789/527
f 699/802/540 695/793/539 697/796/640 700/803/641
f 700/803/641 697/796/640 696/794/530 698/800/520
f 702/807/535 696/795/530 697/797/640 703/808/642
f 703/809/642 697/798/640 695/793/539 701/806/542
f 698/801/520 704/812/519 706/814/643 700/804/641
f 700/805/641 706/815/643 705/813/541 699/802/540
f 704/812/519 702/807/535 703/810/642 706/816/643
f 706/816/643 703/810/642 701/806/542 705/813/541
f 644/696/518 647/703/631 686/778/635 684/773/513
f 708/818/644 709/819/645 712/822/646
f 708/818/644 711/821/647 713/823/648
f 708/818/644 710/820/649 714/825/650
f 708/818/644 707/817/651 715/826/652
f 709/819/645 708/818/644 713/824/648
f 711/821/647 708/818/644 714/825/650
f 710/820/649 708/818/644 715/826/652
f 707/817/651 708/818/644 712/822/646
f 719/830/653 718/829/654 723/834/655 724/835/656
f 717/828/657 716/827/658 721/832/659 722/833/660
f 720/831/661 719/830/653 724/835/656 725/836/662
f 718/829/654 717/828/657 722/833/660 723/834/655
f 725/836/662 724/835/656 729/840/663 730/841/664
f 723/834/655 722/833/660 727/838/665 728/839/666
f 724/835/656 723/834/655 728/839/666 729/840/663
f 722/833/660 721/832/659 726/837/667 727/838/665
f 728/839/666 727/838/665 732/843/668 733/844/669
f 729/840/663 728/839/666 733/844/669 734/845/670
f 727/838/665 726/837/667 731/842/671 732/843/668
f 730/841/664 729/840/663 734/845/670 735/846/672
f 734/845/670 733/844/669 738/849/673 739/850/674
f 732/843/668 731/842/671 736/847/675 737/848/676
f 735/846/672 734/845/670 739/850/674 740/851/677
f 733/844/669 732/843/668 737/848/676 738/849/673
f 740/851/677 741/852/678 730/841/664 735/846/672
f 725/836/662 730/841/664 741/852/678 720/831/661
f 742/853/679 736/847/675 731/842/671 726/837/667
f 726/837/667 721/832/659 716/827/658 742/853/679
o Cube.001
v -0.013081 -0.411150 2.681854
v -0.014851 -0.379767 2.681246
v -0.010065 -0.411150 2.684803
v -0.008938 -0.379758 2.685656
v -0.010205 -0.411400 2.679929
v -0.007103 -0.379329 2.678806
vn -0.3797 -0.0173 -0.9249
vn 0.9878 -0.0652 0.1417
vn -0.0515 -0.9973 0.0526
vn -0.0401 0.9978 0.0518
vn -0.6359 -0.0095 0.7717
vt 0.090626 0.956842
vt 0.106334 0.941134
vt 0.137751 0.956842
vt 0.122043 0.941134
vt 0.106334 0.972551
vt 0.122043 0.972551
vt 0.106334 0.956842
vt 0.122043 0.956842
s 0
f 743/855/680 744/857/680 748/861/680 747/860/680
f 747/860/681 748/861/681 746/859/681 745/858/681
f 743/854/682 747/860/682 745/858/682
f 748/861/683 744/856/683 746/859/683
f 745/858/684 746/859/684 744/857/684 743/855/684
o Plane.002
v 0.409145 -0.683606 2.679230
v 0.264941 -0.720404 2.654653
v 0.269855 -0.739362 2.666626
v 0.265755 -0.732502 2.635162
v 0.540948 -0.626327 2.690323
v 0.547752 -0.616026 2.627150
v 0.533328 -0.591167 2.662443
v 0.401633 -0.654626 2.660928
v 0.402878 -0.673119 2.631135
v 0.404512 -0.676047 2.616096
v 0.268424 -0.737832 2.631995
v 0.262965 -0.713782 2.648447
v 0.266320 -0.729890 2.673108
v 0.535285 -0.625070 2.561972
v 0.551458 -0.643152 2.600483
v 0.543171 -0.664281 2.540249
v 0.410823 -0.703851 2.597077
v 0.408391 -0.694668 2.644605
v 0.408684 -0.726986 2.607055
v 0.268338 -0.738119 2.658636
v 0.263664 -0.717604 2.644360
v 0.264430 -0.702970 2.665140
v 0.269104 -0.723485 2.679416
v 0.556291 -0.745831 2.556450
v 0.571062 -0.719786 2.590729
v 0.573645 -0.756498 2.617509
v 0.558873 -0.782542 2.583230
v 0.414254 -0.751432 2.624067
v 0.415167 -0.733994 2.648828
v 0.409597 -0.709548 2.631817
v -0.018628 -0.648427 2.679448
v -0.034027 -0.401045 2.691501
v -0.014695 -0.646964 2.656502
v -0.029083 -0.399745 2.663542
v 0.021349 -0.642634 2.679941
v 0.015142 -0.398834 2.692101
v 0.011708 -0.643090 2.655591
v 0.003397 -0.398226 2.662432
v -0.000876 -0.646389 2.693430
v -0.012258 -0.400711 2.708537
v -0.010572 -0.408814 2.683229
v 0.409145 -0.683606 2.679230
v 0.269855 -0.739362 2.666626
v 0.270670 -0.751461 2.647135
v 0.265755 -0.732502 2.635162
v 0.540948 -0.626327 2.690323
v 0.555942 -0.617154 2.660641
v 0.555372 -0.651186 2.655030
v 0.547752 -0.616026 2.627150
v 0.533328 -0.591167 2.662443
v 0.402878 -0.673119 2.631135
v 0.410390 -0.702099 2.649437
v 0.268424 -0.737832 2.631995
v 0.266320 -0.729890 2.673108
v 0.271780 -0.753940 2.656657
v 0.535285 -0.625070 2.561972
v 0.558721 -0.649790 2.567420
v 0.551458 -0.643152 2.600483
v 0.559344 -0.682363 2.578760
v 0.543171 -0.664281 2.540249
v 0.410823 -0.703851 2.597077
v 0.414703 -0.722471 2.625586
v 0.408391 -0.694668 2.644605
v 0.556291 -0.745831 2.556450
v 0.576692 -0.753004 2.583326
v 0.571062 -0.719786 2.590729
v 0.573645 -0.756498 2.617509
v 0.558873 -0.782542 2.583230
vn -0.4316 0.8765 0.2135
vn -0.2628 0.4656 0.8451
vn -0.2692 0.4907 0.8287
vn -0.4282 0.8806 0.2030
vn -0.3557 0.7873 -0.5036
vn -0.3447 0.7697 -0.5374
vn -0.2760 0.5179 0.8097
vn -0.4284 0.8989 0.0921
vn -0.3307 0.7468 -0.5770
vn -0.3158 0.4858 -0.8150
vn -0.2769 0.9560 -0.0965
vn -0.3554 0.9186 -0.1729
vn -0.4002 0.4326 -0.8079
vn -0.0942 0.8276 0.5534
vn -0.1120 0.8379 0.5343
vn -0.4419 0.8603 -0.2541
vn -0.4679 0.3846 -0.7957
vn -0.1367 0.8511 0.5070
vn -0.1170 -0.9866 -0.1140
vn -0.2258 0.2518 -0.9411
vn -0.2657 0.1788 -0.9473
vn -0.1836 -0.9761 -0.1159
vn 0.0850 0.9806 0.1769
vn 0.2001 -0.0639 0.9777
vn 0.1846 -0.1453 0.9720
vn 0.0894 0.9848 0.1489
vn -0.3010 0.1779 -0.9369
vn -0.2291 -0.9691 -0.0912
vn 0.1688 -0.1429 0.9752
vn 0.1037 0.9820 0.1581
vn -0.9356 -0.0750 0.3449
vn -0.6962 0.6585 0.2858
vn -0.5178 0.6692 -0.5330
vn -0.6777 -0.0186 -0.7351
vn 0.3663 0.7256 -0.5825
vn 0.5200 0.0414 -0.8532
vn 0.6778 0.6852 0.2666
vn 0.9444 0.0079 0.3288
vn -0.0926 -0.0655 0.9935
vn -0.0732 0.6559 0.7513
vn -0.0416 0.9985 0.0342
vn 0.3250 -0.9074 -0.2667
vn 0.1870 -0.4895 -0.8517
vn 0.1971 -0.5168 -0.8331
vn 0.3302 -0.9202 -0.2102
vn 0.2780 -0.8109 0.5150
vn 0.2716 -0.7886 0.5516
vn 0.7405 -0.6639 -0.1038
vn 0.9336 0.3239 0.1534
vn 0.6785 -0.3209 0.6609
vn 0.7558 -0.0839 -0.6494
vn 0.7477 0.6379 0.1845
vn 0.2873 -0.4955 0.8197
vn 0.2649 -0.9209 0.2858
vn 0.2962 -0.9275 0.2280
vn 0.3379 -0.4585 0.8219
vn 0.0632 -0.8316 -0.5518
vn 0.0640 -0.8529 -0.5182
vn 0.8125 0.0016 0.5830
vn 0.9185 0.3162 -0.2373
vn 0.7224 0.6154 -0.3153
vn 0.7414 -0.6669 0.0746
vn 0.5931 -0.4183 -0.6880
vn 0.9490 0.2127 -0.2326
vn 0.9442 -0.1482 -0.2942
vn 0.7838 -0.0786 -0.6160
vn 0.9779 -0.1979 0.0669
vn 0.8127 -0.4892 -0.3165
vt 0.715691 0.917576
vt 0.735689 0.976754
vt 0.726450 0.978991
vt 0.745102 0.978080
vt 0.707159 0.858504
vt 0.744158 0.851681
vt 0.725421 0.853805
vt 0.729813 0.914169
vt 0.744199 0.916183
vt 0.926389 0.915428
vt 0.913432 0.854225
vt 0.925298 0.852997
vt 0.937189 0.850229
vt 0.921785 0.978230
vt 0.940150 0.977290
vt 0.902939 0.977445
vt 0.912108 0.916228
vt 0.940150 0.911569
vt 0.780184 0.916974
vt 0.818306 0.911084
vt 0.798274 0.976208
vt 0.788013 0.978452
vt 0.818804 0.848976
vt 0.829154 0.846846
vt 0.839698 0.847551
vt 0.808701 0.977441
vt 0.767155 0.853093
vt 0.812339 0.975928
vt 0.831127 0.977537
vt 0.849960 0.976617
vt 0.803707 0.848088
vt 0.785352 0.850035
vt 0.792430 0.913818
vt 0.843062 0.909401
vt 0.804918 0.915780
vt 0.830563 0.908473
vt 0.863140 0.530629
vt 0.863192 0.744631
vt 0.977403 0.763201
vt 0.843024 0.530720
vt 0.950418 0.526860
vt 0.838683 0.744319
vt 0.970056 0.739599
vt 0.905280 0.533176
vt 0.914619 0.743546
vt 0.935158 0.768530
vt 0.927758 0.530949
vt 0.942088 0.741832
vt 0.882657 0.532012
vt 0.887032 0.744461
vt 0.960269 0.780051
vt 0.956635 0.758618
vt 0.979925 0.910403
vt 0.980230 0.972749
vt 0.970993 0.975014
vt 0.961484 0.975196
vt 0.876388 0.840053
vt 0.074512 0.923558
vt 0.980230 0.850712
vt 0.880059 0.826248
vt 0.052636 0.904354
vt 0.865895 0.824397
vt 0.961384 0.850369
vt 0.880059 0.811964
vt 0.036428 0.880173
vt 0.942536 0.850229
vt 0.074512 0.885150
vt 0.951293 0.914139
vt 0.965819 0.913876
vt 0.875399 0.974507
vt 0.899857 0.977757
vt 0.887653 0.976516
vt 0.882444 0.827619
vt 0.913158 0.825768
vt 0.896608 0.825768
vt 0.892938 0.811964
vt 0.913158 0.840053
vt 0.900554 0.850366
vt 0.898994 0.827619
vt 0.881423 0.850229
vt 0.909487 0.811964
vt 0.896608 0.840053
vt 0.862560 0.851174
vt 0.872594 0.912336
vt 0.886470 0.914940
vt 0.900554 0.916058
vt 0.929707 0.840053
vt 0.973178 0.833730
vt 0.929707 0.825768
vt 0.962443 0.824306
vt 0.915543 0.827619
vt 0.926037 0.811964
vt 0.954490 0.812441
vt 0.973178 0.814883
s 1
usemtl Material
f 750/863/685 751/864/686 749/862/687 756/869/688
f 752/865/689 750/863/685 756/869/688 757/870/690
f 756/869/688 749/862/687 753/866/691 755/868/692
f 757/870/690 756/869/688 755/868/692 754/867/693
f 759/872/694 760/873/695 758/871/696 765/878/697
f 760/873/695 761/874/698 766/879/699 758/871/696
f 765/878/697 758/871/696 762/875/700 764/877/701
f 758/871/696 766/879/699 763/876/702 762/875/700
f 768/882/703 769/883/704 767/880/705 776/894/706
f 770/885/707 771/886/708 777/895/709 778/897/710
f 769/884/704 770/885/707 778/897/710 767/881/705
f 771/887/708 768/882/703 776/894/706 777/896/709
f 776/894/706 767/880/705 772/888/711 775/893/712
f 778/897/710 777/895/709 774/891/713 773/890/714
f 767/881/705 778/897/710 773/890/714 772/889/711
f 777/896/709 776/894/706 775/893/712 774/892/713
f 779/898/715 780/899/716 782/903/717 781/901/718
f 781/902/718 782/904/717 786/909/719 785/908/720
f 785/908/720 786/909/719 784/906/721 783/905/722
f 787/910/723 788/911/724 780/899/716 779/898/715
f 783/905/722 784/906/721 788/911/724 787/910/723
f 784/907/721 786/909/719 789/913/725
f 780/900/716 788/912/724 789/913/725
f 788/912/724 784/907/721 789/913/725
f 786/909/719 782/904/717 789/913/725
f 782/904/717 780/900/716 789/913/725
f 792/916/726 793/917/727 799/929/728 800/930/729
f 791/915/730 792/916/726 800/930/729 790/914/731
f 796/923/732 795/921/733 794/918/734
f 797/925/735 795/921/733 796/923/732
f 798/928/736 795/922/733 797/926/735
f 795/922/733 798/928/736 794/919/734
f 800/930/729 799/929/728 797/927/735 796/924/732
f 790/914/731 800/930/729 796/924/732 794/920/734
f 802/932/737 803/933/738 810/946/739 811/947/740
f 803/933/738 801/931/741 809/945/742 810/946/739
f 806/937/743 805/936/744 804/934/745
f 807/940/746 805/935/744 806/938/743
f 808/942/747 805/935/744 807/940/746
f 805/936/744 808/943/747 804/934/745
f 811/947/740 810/946/739 807/941/746 806/939/743
f 810/946/739 809/945/742 808/944/747 807/941/746
f 814/952/748 813/950/749 812/948/750
f 815/953/751 813/950/749 814/952/748
f 816/955/752 813/951/749 815/954/751
f 813/951/749 816/955/752 812/949/750
o Plane.006
v 0.410247 -0.687691 2.682139
v 0.261448 -0.721703 2.654597
v 0.266487 -0.741139 2.666872
v 0.262284 -0.734106 2.634615
v 0.543178 -0.625829 2.693472
v 0.551383 -0.614696 2.626402
v 0.534556 -0.586048 2.661927
v 0.400621 -0.650556 2.658686
v 0.402860 -0.673228 2.630487
v 0.404490 -0.675794 2.616173
v 0.264974 -0.739135 2.632473
v 0.259377 -0.714479 2.649340
v 0.262818 -0.730992 2.674622
v 0.537905 -0.623526 2.560836
v 0.554486 -0.642064 2.600317
v 0.545990 -0.663725 2.538566
v 0.410960 -0.704297 2.596675
v 0.408467 -0.694884 2.645400
v 0.408545 -0.726817 2.606582
v 0.264664 -0.738230 2.659462
v 0.259872 -0.717198 2.644827
v 0.260658 -0.702195 2.666130
v 0.265450 -0.723228 2.680765
v 0.557934 -0.745910 2.555203
v 0.573264 -0.715593 2.589122
v 0.576187 -0.757129 2.619422
v 0.559474 -0.786597 2.580637
v 0.414139 -0.754113 2.620849
v 0.415309 -0.731767 2.652579
v 0.409482 -0.708939 2.631967
v -0.018918 -0.652341 2.679445
v -0.041636 -0.399141 2.690716
v -0.014886 -0.650842 2.655921
v -0.032619 -0.397634 2.662192
v 0.022066 -0.646403 2.679950
v 0.022293 -0.396019 2.693644
v 0.012181 -0.646871 2.654987
v 0.005703 -0.395557 2.658365
v -0.000720 -0.650252 2.693779
v -0.012583 -0.398445 2.711653
v -0.010660 -0.406693 2.683321
v 0.407844 -0.681738 2.683648
v 0.265205 -0.741268 2.666909
v 0.266040 -0.753672 2.646927
v 0.261002 -0.734236 2.634652
v 0.559436 -0.615522 2.659909
v 0.558790 -0.654027 2.653561
v 0.550102 -0.614825 2.626439
v 0.401578 -0.673357 2.630525
v 0.409439 -0.705436 2.645470
v 0.263670 -0.739124 2.632773
v 0.261513 -0.730981 2.674921
v 0.267110 -0.755637 2.658055
v 0.561279 -0.648864 2.566570
v 0.561918 -0.682257 2.578196
v 0.409656 -0.704286 2.596974
v 0.413633 -0.723376 2.626202
v 0.407163 -0.694873 2.645699
v 0.576913 -0.753039 2.583257
v 0.875098 1.029178 0.039432
v 0.967999 -0.718028 -0.173798
v 0.874360 1.002218 1.125022
v 0.967999 -0.664907 0.933016
v -0.875557 1.039521 0.071714
v -0.967967 -0.740688 -0.186545
v -0.876295 1.025490 1.197656
v -0.967967 -0.681994 0.923405
v 0.000016 -0.890209 -0.445738
v 0.000016 -0.847544 1.135468
v -0.000640 1.237978 -0.073984
v 1.140046 0.155788 -0.330713
v -1.140177 0.180069 1.384496
v 1.139882 0.173173 1.362975
v -1.140014 0.157511 -0.325333
v 0.000016 0.166500 -0.795936
v -0.000640 0.169421 1.847843
v -0.002606 1.195390 1.369349
v -1.007673 -0.760738 0.037431
v -1.027385 -0.758009 0.361200
v -1.007673 -0.725179 0.689291
v -0.310598 -0.885443 -0.428011
v -0.594314 -0.859720 -0.373898
v -0.824688 -0.804126 -0.284070
v 1.139524 -0.136401 -0.345017
v 1.103515 -0.399760 -0.319324
v 1.037163 -0.601493 -0.253553
v -1.105051 0.449578 1.406899
v -1.039767 0.696690 1.374245
v -0.953942 0.898622 1.292030
v 1.139455 -0.092359 1.299619
v 1.103494 -0.340300 1.188550
v 1.037160 -0.542866 1.052197
v -1.139492 -0.135674 -0.342747
v -1.103483 -0.404841 -0.321631
v -1.037130 -0.617401 -0.262432
v 0.905576 1.055908 0.260234
v 0.920366 1.063619 0.578107
v 0.905138 1.039648 0.898906
v 0.310630 -0.829208 1.122652
v 0.594346 -0.783908 1.079840
v 0.824720 -0.722821 1.008873
v -0.906673 1.062079 0.968915
v -0.921409 1.082941 0.638410
v -0.906236 1.070404 0.305475
v 0.275269 1.220173 -0.076888
v 0.529622 1.171754 -0.064496
v 0.740410 1.099227 -0.021474
v 1.007706 -0.701077 0.702849
v 1.027418 -0.728864 0.377594
v 1.007706 -0.733326 0.052850
v 0.824720 -0.781924 -0.271582
v 0.594346 -0.842305 -0.364103
v 0.310630 -0.878518 -0.424165
v -0.824688 -0.740716 0.998807
v -0.594314 -0.799169 1.071255
v -0.310598 -0.835900 1.118814
v -0.741055 1.107431 0.004131
v -0.530548 1.177106 -0.047795
v -0.276442 1.222781 -0.068747
v 0.000016 -0.162670 -0.836245
v 0.000016 -0.469394 -0.808053
v 0.000016 -0.721620 -0.685461
v 0.000016 -0.931341 -0.081827
v 0.000016 -0.904437 0.347287
v 0.000016 -0.901920 0.766896
v -0.000261 -0.136565 1.782647
v -0.000066 -0.426995 1.643899
v 0.000006 -0.677762 1.426989
v 0.953066 0.902489 -0.074776
v 1.039231 0.697246 -0.193349
v 1.104761 0.441351 -0.280102
v -1.037133 -0.549856 1.048541
v -1.103503 -0.339438 1.191241
v -1.139561 -0.089450 1.308698
v 0.952408 0.876253 1.222218
v 1.038740 0.677871 1.315511
v 1.104449 0.436667 1.366603
v -0.953285 0.910720 -0.049087
v -1.039276 0.702813 -0.175975
v -1.104739 0.444687 -0.269691
v -0.000261 1.047988 -0.352684
v -0.000066 0.792497 -0.560211
v 0.000006 0.491878 -0.705114
v 0.929543 0.173497 1.621742
v 0.655062 0.171675 1.766737
v 0.337860 0.169665 1.831067
v -0.929821 0.157773 -0.582891
v -0.655501 0.160990 -0.724214
v -0.338430 0.164715 -0.783747
v 0.338463 0.164688 -0.783831
v 0.655533 0.160774 -0.724886
v 0.929853 0.157046 -0.585161
v 1.268296 0.158536 0.054429
v 1.311030 0.163826 0.514348
v 1.268230 0.169443 0.975159
v -1.268336 0.175773 0.994915
v -1.311038 0.168782 0.529817
v -1.268269 0.161795 0.064601
v -0.339032 0.172196 1.838969
v -0.655972 0.176416 1.781532
v -0.930131 0.179800 1.641414
v -0.001223 0.472482 1.844634
v -0.001869 0.755599 1.768466
v -0.002391 1.002119 1.612363
v -0.278253 1.186158 1.374564
v -0.532001 1.148809 1.348263
v -0.742107 1.087348 1.281079
v -0.001223 1.346157 0.275776
v -0.001869 1.372457 0.661852
v -0.002391 1.320871 1.040844
v 0.273458 1.176156 1.343348
v 0.528168 1.130852 1.292218
v 0.739359 1.065088 1.211602
v 0.900886 0.446393 1.619305
v 0.849921 0.697754 1.548868
v 0.787719 0.908774 1.414487
v 0.634903 0.457589 1.761194
v 0.600607 0.723636 1.681744
v 0.560731 0.952946 1.527030
v 0.327220 0.467135 1.825397
v 0.309771 0.744932 1.745548
v 0.290130 0.986649 1.586639
v 0.729744 1.179628 0.266521
v 0.513944 1.269550 0.260925
v 0.265032 1.325557 0.266187
v 0.731849 1.197517 0.598226
v 0.510337 1.292350 0.622042
v 0.261449 1.350545 0.645118
v 0.729109 1.159331 0.929399
v 0.513077 1.245284 0.979425
v 0.263956 1.299424 1.018149
v -1.228679 0.442936 1.024699
v -1.152597 0.689789 1.020824
v -1.044809 0.898900 0.990609
v -1.269777 0.439121 0.567144
v -1.189517 0.689820 0.596761
v -1.073366 0.906655 0.619892
v -1.228551 0.438945 0.110286
v -1.152386 0.691887 0.173619
v -1.044499 0.904552 0.249163
v 0.304865 -0.924739 -0.067691
v 0.586524 -0.899781 -0.032047
v 0.824125 -0.838855 0.016188
v 0.303223 -0.903664 0.351216
v 0.586148 -0.890600 0.356537
v 0.830683 -0.838996 0.362943
v 0.304865 -0.892230 0.761349
v 0.586524 -0.864162 0.740202
v 0.824125 -0.803802 0.709363
v 1.228563 0.432740 0.090920
v 1.152313 0.682174 0.143302
v 1.044213 0.891576 0.208664
v 1.269717 0.429766 0.537948
v 1.189317 0.675697 0.552682
v 1.072860 0.888818 0.564223
v 1.228434 0.431057 0.987624
v 1.152102 0.672297 0.966233
v 1.043903 0.877706 0.924460
v 0.328349 0.486368 -0.696526
v 0.311427 0.782840 -0.554618
v 0.292090 1.034035 -0.350645
v 0.635788 0.472898 -0.646779
v 0.601913 0.758195 -0.514602
v 0.562291 0.996949 -0.322977
v 0.901471 0.456141 -0.520018
v 0.850801 0.725726 -0.406245
v 0.788810 0.945319 -0.242053
v -0.901450 0.457600 -0.515465
v -0.850861 0.728488 -0.397625
v -0.789081 0.950231 -0.226721
v -0.635771 0.473375 -0.645290
v -0.602003 0.759371 -0.510931
v -0.562668 0.999624 -0.314630
v -0.328336 0.486458 -0.696245
v -0.311546 0.783230 -0.553403
v -0.292567 1.035188 -0.347048
v -0.824093 -0.869028 -0.000777
v -0.586492 -0.925156 -0.046069
v -0.304833 -0.935187 -0.073316
v -0.830651 -0.872456 0.344042
v -0.586116 -0.919689 0.340047
v -0.303190 -0.916566 0.343932
v -0.824093 -0.832208 0.693382
v -0.586492 -0.887918 0.726405
v -0.304833 -0.902226 0.755389
v -0.267277 1.330387 0.281261
v -0.515708 1.278856 0.289970
v -0.730928 1.192553 0.306861
v -0.264881 1.357808 0.667787
v -0.513043 1.305854 0.664187
v -0.733681 1.215277 0.653654
v -0.268353 1.308633 1.046889
v -0.516575 1.261984 1.031546
v -0.731563 1.180427 0.995239
v 0.860217 -0.575042 1.240698
v 0.903954 -0.358853 1.422758
v 0.929789 -0.101293 1.553588
v 0.615634 -0.622312 1.351719
v 0.640324 -0.389251 1.559423
v 0.655766 -0.116582 1.699031
v 0.320778 -0.661087 1.410098
v 0.331597 -0.415858 1.625906
v 0.338561 -0.130688 1.765702
v -0.860190 -0.656954 -0.466588
v -0.903961 -0.430723 -0.565606
v -0.929887 -0.148107 -0.601061
v -0.615609 -0.696080 -0.594671
v -0.640350 -0.453598 -0.713545
v -0.655933 -0.156695 -0.750444
v -0.320755 -0.716467 -0.664221
v -0.331640 -0.466049 -0.787684
v -0.338782 -0.161323 -0.819463
v 0.320787 -0.712100 -0.661765
v 0.331672 -0.464123 -0.786609
v 0.338814 -0.161334 -0.819499
v 0.615641 -0.685451 -0.588701
v 0.640383 -0.449673 -0.711406
v 0.655965 -0.156786 -0.750728
v 0.860222 -0.643178 -0.458868
v 0.903993 -0.426489 -0.563457
v 0.929919 -0.148413 -0.602018
v 1.138145 -0.581331 0.046260
v 1.224047 -0.376052 0.030506
v 1.267266 -0.121523 0.032611
v 1.171031 -0.567035 0.403565
v 1.263872 -0.357458 0.438365
v 1.309796 -0.106698 0.478353
v 1.138144 -0.548402 0.759344
v 1.224039 -0.343359 0.844268
v 1.267238 -0.095256 0.923691
v -1.138114 -0.561645 0.752148
v -1.224024 -0.344169 0.845836
v -1.267264 -0.092586 0.932025
v -1.171000 -0.585880 0.393162
v -1.263845 -0.362537 0.437092
v -1.309782 -0.104608 0.484879
v -1.138113 -0.600296 0.035722
v -1.224015 -0.382624 0.027852
v -1.267237 -0.120222 0.036861
v -0.320765 -0.663756 1.408698
v -0.331715 -0.415542 1.626894
v -0.339036 -0.129620 1.769036
v -0.615617 -0.627477 1.349003
v -0.640409 -0.388659 1.561271
v -0.656132 -0.114583 1.705273
v -0.860195 -0.580444 1.237911
v -0.904000 -0.358065 1.425217
v -0.930018 -0.098634 1.561887
v -0.329464 0.471918 1.840324
v -0.313203 0.752180 1.768169
v -0.294526 0.995855 1.615373
v -0.636656 0.466520 1.789069
v -0.603309 0.737014 1.723498
v -0.564228 0.969630 1.579103
v -0.902035 0.458219 1.656214
v -0.851741 0.715152 1.603168
v -0.790172 0.929825 1.480187
v 0.343668 1.297176 1.673011
v 0.347931 0.683049 1.908701
v -0.344055 1.291992 1.678156
v -0.349011 0.661543 1.930048
v -0.000266 1.349654 1.747048
v 0.432305 1.258839 1.283426
v -0.350506 0.442581 1.680686
v 0.350090 0.448282 1.675027
v -0.432606 1.257975 1.284284
v -0.000151 1.352457 1.232165
v -0.000381 0.340342 1.732767
v -0.001188 0.662519 2.035123
v 0.433517 1.007495 1.828635
v -0.434164 0.988836 1.847156
v 0.586323 0.856092 1.483822
v -0.586624 0.851427 1.488452
v -0.000842 1.039497 1.983241
v 0.427452 1.208997 1.181713
v 0.408388 1.149806 1.096010
v -0.357776 0.486586 1.770531
v -0.362595 0.546900 1.842536
v -0.358761 0.611507 1.897170
v -0.427752 1.208632 1.182075
v -0.408689 1.149698 1.096117
v 0.430107 0.912915 1.857783
v 0.411314 0.822158 1.881256
v 0.379406 0.740587 1.899014
v -0.422517 1.086296 1.808192
v -0.399461 1.175448 1.763798
v -0.369937 1.247670 1.716643
v 0.103477 1.347001 1.739936
v 0.201164 1.336643 1.721768
v 0.285992 1.317915 1.696234
v -0.286412 1.313804 1.700315
v -0.201634 1.333961 1.724430
v -0.103991 1.345693 1.741233
v -0.000151 1.302587 1.105745
v -0.000151 1.236984 0.997582
v 0.369654 1.306216 1.606312
v 0.399123 1.306628 1.507588
v 0.421726 1.291535 1.395724
v 0.357866 0.631320 1.877502
v 0.361908 0.562889 1.826665
v 0.357250 0.497313 1.759883
v -0.369999 1.302091 1.610407
v -0.399437 1.303838 1.510357
v -0.422029 1.289863 1.397383
v -0.000199 1.383350 1.636104
v -0.000165 1.394239 1.506850
v -0.000152 1.383535 1.368974
v 0.264981 0.394128 1.701971
v 0.177709 0.361469 1.719528
v 0.089010 0.345231 1.729269
v -0.340488 1.308644 1.257275
v -0.234659 1.337132 1.241454
v -0.119690 1.349663 1.234020
v 0.119389 1.349676 1.234006
v 0.234358 1.337240 1.241347
v 0.340187 1.309008 1.256912
v 0.556456 0.737619 1.539820
v 0.502396 0.625715 1.591924
v 0.431241 0.527047 1.637778
v -0.586925 0.970730 1.430180
v -0.559187 1.083006 1.374107
v -0.506664 1.181129 1.324164
v -0.089734 0.343442 1.731045
v -0.178342 0.358036 1.722936
v -0.265500 0.389342 1.706721
v -0.000588 0.399933 1.841146
v -0.000828 0.477779 1.929428
v -0.001046 0.567451 1.994968
v -0.113079 0.659189 2.026977
v -0.214829 0.657916 1.999902
v -0.297066 0.658905 1.962971
v -0.001010 0.945898 2.016593
v -0.001145 0.852041 2.040483
v -0.001215 0.757668 2.048723
v 0.110868 0.667511 2.018716
v 0.212999 0.673193 1.984738
v 0.295668 0.678629 1.943392
v 0.369515 1.255072 1.709295
v 0.398977 1.186240 1.753086
v 0.421955 1.101056 1.793540
v -0.380377 0.717571 1.921861
v -0.412156 0.798772 1.904470
v -0.430844 0.891139 1.879399
v 0.506363 1.182781 1.322524
v 0.558886 1.085641 1.371491
v 0.586624 0.974412 1.426525
v -0.431591 0.520975 1.643806
v -0.502711 0.619755 1.597840
v -0.556758 0.732161 1.545238
v -0.000372 1.293136 1.832640
v -0.000511 1.218600 1.896415
v -0.000671 1.132052 1.944555
v 0.567143 0.821630 1.385146
v -0.343645 1.010668 1.907473
v -0.237895 1.025370 1.951070
v -0.121951 1.034471 1.976732
v 0.504651 0.976283 1.754733
v 0.554455 0.937552 1.671099
v 0.581991 0.895943 1.580030
v -0.505098 0.959154 1.771735
v -0.554799 0.924141 1.684411
v -0.582298 0.887123 1.588784
v 0.120379 1.041322 1.969931
v 0.236600 1.038199 1.938337
v 0.342690 1.027724 1.890543
v 0.272162 0.447003 1.792096
v 0.280975 0.518419 1.862410
v 0.287108 0.597746 1.913741
v 0.183422 0.418082 1.817285
v 0.192596 0.494150 1.894602
v 0.202361 0.581372 1.950947
v 0.092067 0.404360 1.834094
v 0.097636 0.482408 1.918566
v 0.104257 0.572383 1.980784
v 0.343445 0.936251 1.918032
v 0.238706 0.946873 1.967300
v 0.121848 0.948816 2.001540
v 0.333437 0.846567 1.938310
v 0.234433 0.855653 1.987744
v 0.120428 0.855897 2.023962
v 0.314391 0.760615 1.948980
v 0.224737 0.764683 1.995439
v 0.116531 0.762266 2.031609
v -0.579493 1.005403 1.533457
v -0.548168 1.036521 1.634705
v -0.495161 1.063574 1.728167
v -0.549504 1.116687 1.479756
v -0.518097 1.141773 1.585046
v -0.467634 1.160100 1.682079
v -0.495885 1.213833 1.432650
v -0.467867 1.232810 1.541010
v -0.425924 1.241114 1.638736
v 0.555696 0.779325 1.631248
v 0.535379 0.827626 1.714465
v 0.494007 0.874760 1.789831
v 0.505122 0.669396 1.678777
v 0.493779 0.723907 1.754086
v 0.463921 0.778537 1.820495
v 0.436785 0.573053 1.721867
v 0.434282 0.633114 1.790874
v 0.417108 0.694047 1.848318
v 0.115957 1.380775 1.368277
v 0.110687 1.391316 1.503865
v 0.105741 1.380381 1.630966
v 0.227798 1.368501 1.369305
v 0.217031 1.379093 1.498641
v 0.206226 1.368706 1.619110
v 0.331118 1.340750 1.376782
v 0.314476 1.352585 1.497118
v 0.295843 1.345104 1.606494
v -0.331421 1.340019 1.377507
v -0.314793 1.351201 1.498492
v -0.296197 1.342642 1.608938
v -0.228102 1.368262 1.369542
v -0.217353 1.378504 1.499226
v -0.206599 1.367366 1.620441
v -0.116261 1.380730 1.368322
v -0.111015 1.391121 1.504059
v -0.106131 1.379803 1.631539
v -0.123727 0.940801 2.009496
v -0.240243 0.931877 1.982185
v -0.344562 0.916336 1.937800
v -0.122556 0.847158 2.032637
v -0.236172 0.839377 2.003900
v -0.334706 0.825102 1.959616
v -0.118790 0.753387 2.040424
v -0.226595 0.748301 2.011700
v -0.315779 0.739329 1.970110
v -0.326821 1.194686 1.057612
v -0.338553 1.257992 1.148525
v -0.227988 1.220605 1.026096
v -0.234233 1.286360 1.124663
v -0.117134 1.233434 1.005148
v -0.119741 1.299421 1.110448
v 0.116833 1.233436 1.005146
v 0.119440 1.299427 1.110442
v 0.227687 1.220618 1.026083
v 0.233932 1.286406 1.124618
v 0.326520 1.194731 1.057567
v 0.338252 1.258146 1.148373
v -0.569171 0.933437 1.330044
v -0.509664 0.994514 1.185067
v -0.545182 1.040636 1.275070
v -0.469756 1.081383 1.138595
v -0.497418 1.134618 1.224923
v -0.093172 0.400960 1.837469
v -0.099181 0.477129 1.923806
v -0.106206 0.565348 1.987767
v -0.184353 0.411578 1.823740
v -0.193880 0.484178 1.904501
v -0.203976 0.568329 1.963893
v -0.272880 0.437977 1.801056
v -0.281944 0.504832 1.875897
v -0.288337 0.580520 1.930840
v 0.469456 1.081589 1.138390
v 0.497117 1.135315 1.224231
v 0.509363 0.994843 1.184740
v 0.544882 1.041748 1.273967
v 0.568870 0.934990 1.328502
v -0.106244 1.288866 1.826226
v -0.206637 1.278326 1.805169
v -0.296167 1.262393 1.769829
v -0.111421 1.214068 1.889891
v -0.217737 1.204591 1.866248
v -0.315054 1.190873 1.824898
v -0.117323 1.127247 1.938138
v -0.229447 1.118150 1.913369
v -0.332629 1.104508 1.870148
v 0.495582 1.216980 1.429526
v 0.467550 1.237748 1.536109
v 0.425570 1.247731 1.632167
v 0.549200 1.121676 1.474803
v 0.517773 1.149411 1.577464
v 0.467255 1.169956 1.672296
v 0.579188 1.012366 1.526545
v 0.547835 1.047116 1.624188
v 0.494750 1.077118 1.714723
v -0.437185 0.561611 1.733224
v -0.434784 0.615974 1.807889
v -0.417791 0.672665 1.869543
v -0.505457 0.658142 1.689948
v -0.494182 0.706886 1.770982
v -0.464479 0.756979 1.841894
v -0.556007 0.769008 1.641489
v -0.535739 0.811948 1.730027
v -0.494495 0.854759 1.809685
v 0.295650 1.268984 1.763286
v 0.206016 1.283058 1.800472
v 0.105536 1.291316 1.823794
v 0.314410 1.200687 1.815156
v 0.216917 1.211900 1.858993
v 0.110459 1.217946 1.886042
v 0.331836 1.117994 1.856761
v 0.228397 1.128284 1.903310
v 0.116066 1.132656 1.932769
v -0.217503 1.320702 1.678642
v -0.011743 1.906755 1.429714
v -0.225161 1.290233 1.281003
v 0.181245 1.313421 1.671521
v 0.173587 1.282952 1.273883
v -0.262399 1.306218 1.480556
v -0.026575 1.283455 1.236490
v 0.218483 1.297437 1.471969
v -0.017341 1.320199 1.716035
v 0.010973 0.940605 1.989694
v 0.023380 0.928178 1.992659
v 0.022432 0.917056 1.995313
v 0.007876 0.902817 1.998712
v 0.001203 0.891203 2.001483
v 0.006376 0.945045 2.008298
v 0.011898 0.934613 2.019622
v 0.011228 0.923335 2.021625
v 0.000935 0.908618 2.023020
v -0.001718 0.895643 2.020088
v -0.015822 0.946884 2.016005
v -0.015822 0.937279 2.030791
v -0.015822 0.925936 2.032523
v -0.015822 0.911021 2.033089
v -0.015822 0.893173 2.028823
v -0.038020 0.945045 2.008298
v -0.043543 0.934613 2.019622
v -0.042872 0.923335 2.021625
v -0.032580 0.908618 2.023020
v -0.029926 0.895643 2.020088
v -0.042618 0.940605 1.989694
v -0.055025 0.928178 1.992659
v -0.054077 0.917056 1.995313
v -0.039521 0.902817 1.998712
v -0.032848 0.891203 2.001483
v -0.015822 0.886894 2.002512
v -0.015822 0.949624 1.987541
v -0.318185 -0.804180 2.611974
v 0.251773 -0.759158 2.509071
v -0.316164 -0.831400 2.623280
v 0.262829 -0.809953 2.530648
v -0.314618 -0.852232 2.644170
v 0.271100 -0.848855 2.570475
v -0.313781 -0.863507 2.671464
v 0.275326 -0.869941 2.622490
v -0.313781 -0.863507 2.701007
v 0.274865 -0.870000 2.678773
v -0.314618 -0.852232 2.728302
v 0.269786 -0.849024 2.730756
v -0.316164 -0.831400 2.749192
v 0.260862 -0.810207 2.770524
v -0.318185 -0.804180 2.760497
v 0.249453 -0.759457 2.792024
v -0.320372 -0.774718 2.760497
v 0.237295 -0.704501 2.791983
v -0.322392 -0.747499 2.749192
v 0.226239 -0.653705 2.770406
v -0.323938 -0.726666 2.728302
v 0.217968 -0.614803 2.730578
v -0.324775 -0.715392 2.701007
v 0.213742 -0.593718 2.678563
v -0.324775 -0.715392 2.671464
v 0.214203 -0.593658 2.622280
v -0.323938 -0.726666 2.644170
v 0.219282 -0.614634 2.570298
v -0.322392 -0.747499 2.623280
v 0.228206 -0.653452 2.530529
v -0.320372 -0.774718 2.611974
v 0.239615 -0.704202 2.509029
v 0.348220 -0.708890 2.651401
v -0.605270 -0.817343 2.667975
v 0.313075 -0.738251 2.545512
v 0.304004 -0.697246 2.545481
v 0.295491 -0.659379 2.561524
v 0.288832 -0.630416 2.591197
v 0.285043 -0.614765 2.629983
v 0.284698 -0.614809 2.671978
v 0.287852 -0.630542 2.710789
v 0.294023 -0.659568 2.740506
v 0.302272 -0.697469 2.756605
v 0.311344 -0.738474 2.756636
v 0.319857 -0.776341 2.740594
v 0.326515 -0.805305 2.710921
v 0.330305 -0.820956 2.672135
v 0.330649 -0.820911 2.630140
v 0.327496 -0.805178 2.591329
v 0.321325 -0.776152 2.561612
v -0.045613 -0.775457 2.549019
v -0.042612 -0.815886 2.565812
v -0.040315 -0.846830 2.596840
v -0.039072 -0.863576 2.637381
v -0.039072 -0.863576 2.681262
v -0.040315 -0.846830 2.721803
v -0.042612 -0.815886 2.752831
v -0.045613 -0.775457 2.769624
v -0.048862 -0.731696 2.769624
v -0.051863 -0.691267 2.752831
v -0.054159 -0.660323 2.721803
v -0.055403 -0.643577 2.681262
v -0.055403 -0.643577 2.637381
v -0.054159 -0.660323 2.596840
v -0.051863 -0.691267 2.565812
v -0.048862 -0.731696 2.549019
v -0.181899 -0.789819 2.580497
v -0.179388 -0.823643 2.594546
v -0.177467 -0.849531 2.620505
v -0.176427 -0.863542 2.654423
v -0.176427 -0.863542 2.691135
v -0.177467 -0.849531 2.725052
v -0.179388 -0.823643 2.751011
v -0.181899 -0.789819 2.765060
v -0.184617 -0.753207 2.765060
v -0.184617 -0.753207 2.580497
v -0.110917 -0.703542 2.752037
v -0.263338 -0.735224 2.749986
v -0.184620 -0.753160 2.765041
v -0.180980 -0.746079 2.746889
v -0.268633 -0.722956 2.730086
v -0.113080 -0.674813 2.723222
v -0.148491 -0.715238 2.729387
v -0.265866 -0.699686 2.696689
v -0.114311 -0.659282 2.685580
v -0.149531 -0.701228 2.695470
v -0.265775 -0.699662 2.663999
v -0.114403 -0.659306 2.644846
v -0.142852 -0.705376 2.652208
v -0.264777 -0.712117 2.633791
v -0.113321 -0.674872 2.607220
v -0.141812 -0.719387 2.618291
v -0.263038 -0.735162 2.610672
v -0.111216 -0.703604 2.578420
v -0.184620 -0.753160 2.580517
v -0.184860 -0.737821 2.600926
v -0.227144 -0.741312 2.747573
v -0.223949 -0.736491 2.605799
v -0.237707 -0.729597 2.653200
v -0.238726 -0.716364 2.685262
v -0.238771 -0.716376 2.719964
v -0.233507 -0.737135 2.742478
vn 0.4444 -0.8767 -0.1844
vn 0.4400 -0.8846 -0.1545
vn 0.2742 -0.4876 -0.8289
vn 0.2628 -0.4656 -0.8451
vn 0.3521 -0.7459 0.5654
vn 0.3313 -0.7242 0.6048
vn -0.0959 -0.9878 -0.1229
vn -0.3835 -0.0044 -0.9235
vn 0.3048 -0.6952 0.6510
vn 0.3158 -0.4858 0.8150
vn 0.4008 -0.4324 0.8077
vn 0.3563 -0.9183 0.1727
vn 0.2769 -0.9560 0.0965
vn 0.1124 -0.8378 -0.5343
vn 0.0942 -0.8276 -0.5534
vn -0.2508 0.1442 0.9572
vn -0.0739 -0.9348 0.3475
vn -0.5722 -0.4217 -0.7034
vn 0.1311 0.9822 0.1346
vn 0.2042 0.9659 0.1590
vn 0.2683 -0.2041 0.9415
vn 0.2292 -0.2781 0.9328
vn -0.0698 -0.9870 -0.1449
vn -0.0752 -0.9904 -0.1158
vn -0.1821 0.1106 -0.9771
vn -0.1919 0.0331 -0.9809
vn -0.2687 0.9252 0.2680
vn -0.2208 -0.0944 0.9707
vn -0.5783 -0.8139 0.0556
vn -0.6734 0.1999 -0.7117
vn 0.9412 0.0934 -0.3248
vn 0.6593 0.0345 0.7511
vn 0.5023 -0.6837 0.5294
vn 0.7435 -0.6050 -0.2850
vn -0.4887 -0.0246 0.8721
vn -0.3534 -0.7092 0.6100
vn -0.9438 0.0132 -0.3303
vn -0.7107 -0.6473 -0.2755
vn 0.0960 0.0788 -0.9923
vn 0.0792 -0.6589 -0.7480
vn 0.0449 -0.9985 -0.0327
vn -0.3102 0.9038 0.2950
vn -0.3181 0.9119 0.2594
vn -0.1682 0.4519 0.8761
vn -0.1487 0.4326 0.8892
vn -0.2780 0.8109 -0.5150
vn -0.2661 0.7922 -0.5492
vn -0.7380 0.6604 0.1384
vn -0.9379 -0.3216 -0.1302
vn -0.7412 0.0222 0.6709
vn -0.2873 0.4955 -0.8197
vn -0.3378 0.4593 -0.8216
vn -0.2960 0.9276 -0.2279
vn -0.2649 0.9209 -0.2858
vn -0.0641 0.8533 0.5174
vn -0.0632 0.8316 0.5518
vn -0.9207 -0.3114 0.2352
vn -0.7393 0.6691 -0.0757
vn -0.9440 0.1492 0.2943
vn -0.6261 -0.1966 -0.7546
vn -0.3418 -0.1744 -0.9235
vn -0.3407 -0.4362 -0.8328
vn -0.5939 -0.4349 -0.6769
vn -0.3324 -0.6727 -0.6610
vn -0.5388 -0.6406 -0.5471
vn -0.1363 -0.1535 -0.9787
vn -0.1524 -0.4208 -0.8943
vn -0.1668 -0.6757 -0.7180
vn -0.8737 0.0037 -0.4865
vn -0.6322 0.0549 -0.7729
vn -0.8574 -0.2128 -0.4685
vn -0.8059 -0.4139 -0.4233
vn -0.7246 -0.5893 -0.3573
vn -0.4889 -0.7915 -0.3667
vn -0.6356 -0.7191 -0.2809
vn -0.3221 -0.8411 -0.4345
vn -0.1713 -0.8625 -0.4761
vn -0.0446 -0.6712 -0.7400
vn -0.0409 -0.8696 -0.4921
vn -0.0372 -0.4055 -0.9133
vn -0.0241 -0.1374 -0.9902
vn -0.1286 0.0956 -0.9871
vn -0.0124 0.1028 -0.9946
vn -0.3395 0.0853 -0.9367
vn -0.4693 -0.8727 0.1349
vn -0.4855 -0.8738 -0.0260
vn -0.3092 -0.9505 -0.0318
vn -0.2936 -0.9421 0.1618
vn -0.1552 -0.9873 -0.0346
vn -0.1392 -0.9745 0.1759
vn -0.4815 -0.8577 -0.1803
vn -0.3163 -0.9233 -0.2177
vn -0.1663 -0.9565 -0.2396
vn -0.6253 -0.7359 0.2597
vn -0.6577 -0.7439 0.1184
vn -0.4595 -0.8203 0.3405
vn -0.2762 -0.8753 0.3970
vn -0.1206 -0.8975 0.4243
vn -0.0047 -0.9835 0.1806
vn 0.0013 -0.9027 0.4303
vn -0.0154 -0.9993 -0.0340
vn -0.0289 -0.9688 -0.2460
vn -0.6617 -0.7344 -0.1509
vn -0.6706 -0.7416 -0.0182
vn 0.9589 -0.2042 -0.1972
vn 0.9743 -0.2255 -0.0000
vn 0.9222 -0.3867 -0.0016
vn 0.9077 -0.3785 -0.1813
vn 0.8263 -0.5631 -0.0047
vn 0.8166 -0.5558 -0.1558
vn 0.9494 -0.2468 0.1941
vn 0.8969 -0.4062 0.1747
vn 0.8083 -0.5709 0.1437
vn 0.8738 0.0308 -0.4854
vn 0.9779 -0.0318 -0.2067
vn 0.8627 -0.1765 -0.4739
vn 0.8151 -0.3838 -0.4340
vn 0.7317 -0.5751 -0.3659
vn 0.6630 -0.7347 -0.1439
vn 0.6364 -0.7179 -0.2821
vn 0.6709 -0.7415 -0.0095
vn 0.6576 -0.7432 0.1235
vn 0.7130 -0.6125 0.3412
vn 0.6269 -0.7355 0.2571
vn 0.7917 -0.4514 0.4116
vn 0.8434 -0.2814 0.4577
vn 0.9745 -0.0926 0.2044
vn 0.8699 -0.1138 0.4799
vn 0.9975 -0.0703 -0.0004
vn -0.0616 0.9971 0.0452
vn -0.0414 0.9984 -0.0394
vn -0.1488 0.9879 -0.0445
vn -0.1798 0.9813 0.0687
vn -0.3628 0.9308 -0.0444
vn -0.3795 0.9216 0.0815
vn -0.0728 0.9917 -0.1059
vn -0.1858 0.9725 -0.1405
vn -0.3699 0.9155 -0.1580
vn -0.0127 0.9301 0.3670
vn -0.0168 0.9992 0.0360
vn -0.1159 0.9243 0.3636
vn -0.2640 0.8969 0.3549
vn -0.4541 0.8309 0.3217
vn -0.6394 0.7625 0.0984
vn -0.6307 0.7342 0.2515
vn -0.6296 0.7761 -0.0358
vn -0.6120 0.7741 -0.1618
vn -0.4166 0.8442 -0.3373
vn -0.5855 0.7583 -0.2867
vn -0.2539 0.9013 -0.3511
vn -0.1208 0.9309 -0.3447
vn -0.0151 0.9957 -0.0909
vn -0.0081 0.9399 -0.3413
vn -0.0186 0.9991 -0.0368
vn -0.9496 -0.2441 0.1965
vn -0.9731 -0.2302 -0.0016
vn -0.9193 -0.3935 -0.0049
vn -0.8968 -0.4058 0.1763
vn -0.8224 -0.5688 -0.0107
vn -0.8073 -0.5726 0.1424
vn -0.9544 -0.2220 -0.1994
vn -0.8997 -0.3959 -0.1840
vn -0.8084 -0.5664 -0.1605
vn -0.8683 -0.1085 0.4840
vn -0.9745 -0.0890 0.2061
vn -0.8415 -0.2758 0.4647
vn -0.7897 -0.4471 0.4202
vn -0.7110 -0.6110 0.3480
vn -0.9770 -0.0439 -0.2089
vn -0.9974 -0.0721 -0.0012
vn -0.0998 -0.3486 0.9319
vn -0.2989 -0.3391 0.8920
vn -0.2810 -0.5299 0.8001
vn -0.0972 -0.5363 0.8384
vn -0.2711 -0.7250 0.6332
vn -0.1046 -0.7368 0.6680
vn -0.5922 -0.3152 0.7416
vn -0.5514 -0.5008 0.6672
vn -0.4980 -0.6805 0.5375
vn 0.0002 -0.1911 0.9816
vn -0.1121 -0.1832 0.9767
vn 0.0006 -0.3519 0.9361
vn 0.0016 -0.5378 0.8431
vn 0.0027 -0.7391 0.6736
vn -0.6208 -0.1359 0.7721
vn -0.3225 -0.1631 0.9324
vn 0.5977 -0.3205 0.7349
vn 0.3039 -0.3425 0.8890
vn 0.2881 -0.5345 0.7945
vn 0.5582 -0.5062 0.6574
vn 0.2786 -0.7281 0.6263
vn 0.5047 -0.6835 0.5274
vn 0.1021 -0.3501 0.9311
vn 0.1016 -0.5389 0.8362
vn 0.1107 -0.7389 0.6647
vn 0.6244 -0.1399 0.7685
vn 0.4621 -0.8201 0.3374
vn 0.2793 -0.8755 0.3943
vn 0.1234 -0.8978 0.4228
vn 0.1131 -0.1838 0.9764
vn 0.3254 -0.1650 0.9311
vn 0.3780 0.9206 0.0986
vn 0.3618 0.9311 -0.0462
vn 0.1146 0.9923 -0.0462
vn 0.1475 0.9854 0.0853
vn -0.0032 0.9992 -0.0405
vn 0.0201 0.9984 0.0538
vn 0.3698 0.9125 -0.1747
vn 0.1586 0.9750 -0.1556
vn 0.0373 0.9927 -0.1145
vn 0.6429 0.7153 0.2738
vn 0.6549 0.7476 0.1106
vn 0.4530 0.8203 0.3492
vn 0.2398 0.8934 0.3799
vn 0.0847 0.9227 0.3761
vn 0.1027 0.9298 -0.3534
vn 0.2414 0.8983 -0.3671
vn 0.4190 0.8351 -0.3565
vn 0.6263 0.7596 -0.1756
vn 0.5973 0.7421 -0.3043
vn 0.6461 0.7623 -0.0380
vn 0.1304 -0.9752 0.1787
vn 0.1270 -0.9915 -0.0296
vn 0.2886 -0.9572 -0.0231
vn 0.2866 -0.9434 0.1668
vn 0.4761 -0.8793 -0.0160
vn 0.4654 -0.8738 0.1409
vn 0.1141 -0.9646 -0.2378
vn 0.2805 -0.9357 -0.2141
vn 0.4664 -0.8673 -0.1741
vn 0.4702 -0.7981 -0.3767
vn 0.2730 -0.8510 -0.4485
vn 0.0978 -0.8689 -0.4852
vn -0.5004 0.6899 -0.5231
vn -0.3041 0.7441 -0.5948
vn -0.3276 0.5451 -0.7717
vn -0.5700 0.5020 -0.6505
vn -0.3361 0.3273 -0.8831
vn -0.6126 0.2934 -0.7339
vn -0.1432 0.7652 -0.6277
vn -0.1410 0.5530 -0.8212
vn -0.1324 0.3288 -0.9351
vn -0.7006 0.6079 -0.3736
vn -0.7960 0.4184 -0.4374
vn -0.8528 0.2179 -0.4746
vn -0.0050 0.3281 -0.9446
vn -0.0017 0.5526 -0.8335
vn -0.0026 0.7700 -0.6380
vn 0.5629 0.5668 0.6016
vn 0.3254 0.6221 0.7121
vn 0.3574 0.2869 0.8888
vn 0.6270 0.2797 0.7271
vn 0.3482 0.0265 0.9370
vn 0.6377 0.0486 0.7687
vn 0.1348 0.6416 0.7551
vn 0.1451 0.2790 0.9493
vn 0.1313 0.0023 0.9913
vn 0.7726 0.5012 0.3897
vn 0.8498 0.2619 0.4574
vn 0.8743 0.0598 0.4817
vn -0.0004 -0.0077 1.0000
vn -0.0027 0.2749 0.9615
vn -0.0074 0.6470 0.7625
vn -0.1522 0.6485 0.7459
vn -0.3376 0.6364 0.6936
vn -0.3607 0.3006 0.8829
vn -0.1511 0.2857 0.9463
vn -0.3474 0.0315 0.9372
vn -0.1318 0.0047 0.9913
vn -0.5617 0.5894 0.5806
vn -0.6254 0.2986 0.7209
vn -0.6357 0.0558 0.7699
vn -0.8728 0.0677 0.4833
vn -0.8461 0.2812 0.4529
vn -0.7631 0.5271 0.3740
vn -0.8431 0.5173 0.1472
vn -0.8427 0.5379 -0.0223
vn -0.9556 0.2945 -0.0108
vn -0.9422 0.2756 0.1904
vn -0.9955 0.0949 -0.0038
vn -0.9756 0.0751 0.2064
vn -0.8110 0.5555 -0.1835
vn -0.9179 0.3390 -0.2061
vn -0.9671 0.1405 -0.2119
vn 0.8207 0.5384 -0.1913
vn 0.8555 0.5172 -0.0244
vn 0.9591 0.2829 -0.0121
vn 0.9194 0.3337 -0.2081
vn 0.9956 0.0932 -0.0039
vn 0.9667 0.1455 -0.2107
vn 0.8558 0.4937 0.1543
vn 0.9465 0.2593 0.1922
vn 0.9762 0.0690 0.2055
vn 0.7060 0.5962 -0.3822
vn 0.7955 0.4194 -0.4374
vn 0.8508 0.2311 -0.4719
vn 0.1378 0.7632 -0.6313
vn 0.3012 0.7399 -0.6015
vn 0.3248 0.5490 -0.7701
vn 0.1377 0.5551 -0.8203
vn 0.3280 0.3437 -0.8799
vn 0.1229 0.3378 -0.9332
vn 0.5022 0.6824 -0.5312
vn 0.5680 0.5062 -0.6489
vn 0.6075 0.3120 -0.7305
vn 0.1052 0.1144 -0.9878
vn 0.3216 0.1191 -0.9394
vn 0.6248 0.0924 -0.7753
vn 0.0915 -0.1275 -0.9876
vn 0.3107 -0.1294 -0.9417
vn 0.2961 -0.4009 -0.8669
vn 0.0845 -0.3994 -0.9129
vn 0.2798 -0.6632 -0.6942
vn 0.0863 -0.6696 -0.7377
vn 0.6179 -0.1475 -0.7723
vn 0.5838 -0.3968 -0.7083
vn 0.5236 -0.6279 -0.5759
vn -0.4870 0.7138 -0.5033
vn -0.3120 0.7705 -0.5559
vn -0.3365 0.6210 -0.7079
vn -0.4926 0.5768 -0.6516
vn -0.3608 0.4519 -0.8158
vn -0.4927 0.4300 -0.7566
vn -0.1562 0.8014 -0.5773
vn -0.1864 0.6508 -0.7360
vn -0.2151 0.4720 -0.8549
vn -0.6517 0.6788 -0.3385
vn -0.4807 0.7731 -0.4138
vn -0.6534 0.6264 -0.4252
vn -0.6438 0.5052 -0.5747
vn -0.6221 0.3783 -0.6855
vn -0.4965 0.2597 -0.8283
vn -0.5926 0.2622 -0.7616
vn -0.3781 0.2578 -0.8892
vn -0.2309 0.2600 -0.9376
vn -0.0436 0.4868 -0.8724
vn -0.0434 0.2649 -0.9633
vn -0.0370 0.6682 -0.7431
vn -0.0258 0.8153 -0.5784
vn -0.1420 0.8644 -0.4824
vn -0.0195 0.8760 -0.4819
vn -0.2995 0.8341 -0.4633
vn -0.5180 -0.1929 -0.8333
vn -0.5251 -0.0629 -0.8487
vn -0.3754 -0.1140 -0.9198
vn -0.3574 -0.2395 -0.9027
vn -0.2138 -0.1472 -0.9657
vn -0.1946 -0.2715 -0.9426
vn -0.5152 0.0849 -0.8529
vn -0.3839 0.0564 -0.9216
vn -0.2291 0.0374 -0.9727
vn -0.6747 -0.2633 -0.6896
vn -0.6781 -0.1237 -0.7245
vn -0.5064 -0.3048 -0.8066
vn -0.3407 -0.3302 -0.8803
vn -0.1791 -0.3483 -0.9201
vn -0.0215 -0.2864 -0.9579
vn -0.0160 -0.3581 -0.9335
vn -0.0288 -0.1618 -0.9864
vn -0.0372 0.0302 -0.9988
vn -0.6369 0.1517 -0.7559
vn -0.6671 0.0184 -0.7447
vn 0.9739 -0.1944 -0.1171
vn 0.9158 -0.3968 -0.0625
vn 0.8534 -0.4624 -0.2405
vn 0.9095 -0.2875 -0.3002
vn 0.7623 -0.5026 -0.4077
vn 0.8052 -0.3578 -0.4728
vn 0.8050 -0.5932 0.0012
vn 0.7552 -0.6331 -0.1701
vn 0.6915 -0.6434 -0.3284
vn 0.9951 0.0702 -0.0692
vn 0.9884 -0.1433 0.0509
vn 0.9860 0.0204 -0.1658
vn 0.9322 -0.0943 -0.3494
vn 0.8280 -0.1975 -0.5247
vn 0.6602 -0.4038 -0.6333
vn 0.6752 -0.2749 -0.6844
vn 0.6335 -0.5288 -0.5649
vn 0.5855 -0.6534 -0.4798
vn 0.5549 -0.7932 -0.2511
vn 0.5169 -0.7651 -0.3841
vn 0.5889 -0.8022 -0.0979
vn 0.6209 -0.7808 0.0696
vn 0.8382 -0.5105 0.1918
vn 0.6514 -0.7146 0.2550
vn 0.9458 -0.2966 0.1321
vn -0.9483 0.2193 -0.2293
vn -0.8797 0.3823 -0.2827
vn -0.8515 0.2639 -0.4531
vn -0.9069 0.0981 -0.4097
vn -0.7815 0.1344 -0.6092
vn -0.8156 -0.0232 -0.5781
vn -0.7844 0.5146 -0.3462
vn -0.7654 0.3993 -0.5046
vn -0.7217 0.2708 -0.6370
vn -0.9971 0.0766 -0.0032
vn -0.9525 0.2731 -0.1350
vn -0.9845 0.0192 -0.1743
vn -0.9279 -0.0943 -0.3607
vn -0.8226 -0.1927 -0.5349
vn -0.7844 0.5633 -0.2596
vn -0.8805 0.4328 -0.1932
vn -0.0681 -0.9863 0.1502
vn -0.1914 -0.9706 0.1459
vn -0.1901 -0.9816 -0.0169
vn -0.0717 -0.9974 -0.0078
vn -0.2054 -0.9578 -0.2010
vn -0.0866 -0.9770 -0.1946
vn -0.3848 -0.9143 0.1260
vn -0.3692 -0.9285 -0.0391
vn -0.3607 -0.9093 -0.2075
vn 0.0001 -0.9543 0.2988
vn -0.0777 -0.9498 0.3031
vn 0.0004 -0.9887 0.1499
vn 0.0011 -1.0000 -0.0061
vn 0.0023 -0.9811 -0.1933
vn -0.1112 -0.8969 -0.4281
vn 0.0028 -0.9026 -0.4306
vn -0.2399 -0.8745 -0.4214
vn -0.3802 -0.8313 -0.4056
vn -0.5474 -0.8012 -0.2419
vn -0.5098 -0.7733 -0.3771
vn -0.5817 -0.8087 -0.0880
vn -0.6151 -0.7846 0.0783
vn -0.4120 -0.8601 0.3009
vn -0.6475 -0.7158 0.2614
vn -0.2103 -0.9274 0.3094
vn 0.3907 -0.9126 0.1206
vn 0.1949 -0.9703 0.1434
vn 0.1957 -0.9804 -0.0214
vn 0.3773 -0.9249 -0.0466
vn 0.2129 -0.9549 -0.2071
vn 0.3700 -0.9035 -0.2161
vn 0.0696 -0.9863 0.1493
vn 0.0748 -0.9971 -0.0099
vn 0.0921 -0.9759 -0.1978
vn 0.4156 -0.8596 0.2974
vn 0.3875 -0.8249 -0.4116
vn 0.2468 -0.8703 -0.4262
vn 0.1172 -0.8948 -0.4307
vn 0.0783 -0.9498 0.3028
vn 0.2123 -0.9274 0.3081
vn 0.1550 -0.2797 -0.9475
vn 0.1611 -0.1534 -0.9749
vn 0.3363 -0.1243 -0.9335
vn 0.3279 -0.2539 -0.9099
vn 0.5061 -0.0729 -0.8594
vn 0.5042 -0.2090 -0.8379
vn 0.1613 0.0376 -0.9862
vn 0.3334 0.0575 -0.9410
vn 0.4877 0.0888 -0.8685
vn 0.1498 -0.3565 -0.9222
vn 0.3191 -0.3443 -0.8830
vn 0.4961 -0.3206 -0.8069
vn 0.6810 -0.1346 -0.7198
vn 0.6698 0.0160 -0.7424
vn 0.6335 0.1641 -0.7562
vn 0.4604 0.2843 -0.8409
vn 0.5782 0.2896 -0.7628
vn 0.3179 0.2767 -0.9069
vn 0.1516 0.2704 -0.9507
vn 0.4528 -0.7048 0.5461
vn 0.2582 -0.7968 0.5463
vn 0.2468 -0.8470 0.4709
vn 0.4486 -0.7614 0.4680
vn 0.1116 -0.8389 0.5327
vn 0.1014 -0.8829 0.4584
vn 0.6683 -0.5373 0.5145
vn 0.6729 -0.6001 0.4325
vn -0.0000 -0.8924 0.4513
vn -0.0000 -0.8510 0.5252
vn -0.1115 -0.8389 0.5328
vn -0.2577 -0.7966 0.5468
vn -0.2459 -0.8468 0.4716
vn -0.1011 -0.8829 0.4586
vn -0.4519 -0.7044 0.5474
vn -0.4468 -0.7612 0.4699
vn -0.6707 -0.5999 0.4363
vn -0.6670 -0.5366 0.5169
vn 0.8817 -0.1988 0.4279
vn 0.8289 -0.3182 0.4600
vn 0.8431 -0.3852 0.3753
vn 0.9274 -0.2288 0.2960
vn 0.9708 -0.1251 0.2048
vn 0.1075 0.8171 -0.5664
vn 0.2731 0.8002 -0.5340
vn 0.2824 0.6588 -0.6973
vn 0.1173 0.6713 -0.7318
vn 0.2987 0.4858 -0.8215
vn 0.1346 0.4909 -0.8608
vn 0.4638 0.7508 -0.4702
vn 0.4616 0.6238 -0.6307
vn 0.4560 0.4724 -0.7543
vn 0.1050 0.8766 -0.4696
vn 0.6127 0.4178 -0.6708
vn 0.6366 0.5484 -0.5422
vn 0.6457 0.6602 -0.3837
vn 0.4635 0.8017 -0.3775
vn 0.6461 0.7036 -0.2957
vn 0.2699 0.8574 -0.4381
vn -0.8275 -0.3172 0.4633
vn -0.8801 -0.1980 0.4315
vn -0.9260 -0.2272 0.3016
vn -0.8411 -0.3847 0.3802
vn -0.8356 -0.5116 0.2000
vn -0.9448 -0.2965 0.1395
vn -0.9824 -0.0268 0.1847
vn -0.9933 -0.0819 0.0820
vn -0.9846 0.0840 0.1533
vn 0.1386 -0.7411 -0.6569
vn 0.1478 -0.5691 -0.8089
vn 0.3068 -0.5621 -0.7680
vn 0.2842 -0.7219 -0.6310
vn 0.4731 -0.5484 -0.6896
vn 0.4359 -0.6876 -0.5807
vn 0.1487 -0.4374 -0.8869
vn 0.3144 -0.4351 -0.8437
vn 0.4882 -0.4266 -0.7613
vn 0.0004 -0.7472 -0.6646
vn -0.0107 -0.4357 -0.9000
vn -0.0047 -0.5700 -0.8216
vn -0.8020 -0.5972 0.0113
vn -0.9154 -0.3988 -0.0545
vn -0.8530 -0.4660 -0.2348
vn -0.7518 -0.6395 -0.1607
vn -0.7617 -0.5052 -0.4058
vn -0.6881 -0.6503 -0.3219
vn -0.9740 -0.1948 -0.1152
vn -0.9090 -0.2880 -0.3013
vn -0.8041 -0.3556 -0.4765
vn -0.5826 -0.6582 -0.4767
vn -0.6335 -0.5278 -0.5658
vn -0.6610 -0.3965 -0.6370
vn 0.7859 0.5384 -0.3040
vn 0.8840 0.3960 -0.2483
vn 0.8638 0.2794 -0.4193
vn 0.7732 0.4294 -0.4667
vn 0.7958 0.1434 -0.5884
vn 0.7305 0.2958 -0.6155
vn 0.9520 0.2250 -0.2075
vn 0.9166 0.1027 -0.3863
vn 0.8271 -0.0251 -0.5616
vn 0.7847 0.5800 -0.2189
vn 0.9544 0.2752 -0.1155
vn 0.8826 0.4416 -0.1615
vn -0.4333 -0.6904 -0.5793
vn -0.4756 -0.5440 -0.6912
vn -0.3128 -0.5571 -0.7693
vn -0.2824 -0.7233 -0.6301
vn -0.1563 -0.5659 -0.8095
vn -0.1374 -0.7417 -0.6565
vn -0.4950 -0.4154 -0.7632
vn -0.3285 -0.4242 -0.8439
vn -0.1681 -0.4309 -0.8866
vn -0.0168 -0.9969 0.0767
vn 0.9231 -0.3843 0.0117
vn 0.6462 -0.3829 0.6601
vn 0.0116 -0.2963 0.9550
vn -0.6358 -0.3595 0.6830
vn -0.9355 -0.3504 0.0449
vn -0.6604 -0.4575 -0.5954
vn -0.0240 -0.4384 -0.8985
vn 0.6216 -0.4809 -0.6183
vn -0.8122 0.4666 -0.3501
vn -0.6508 0.3079 -0.6940
vn -0.7041 0.1476 -0.6946
vn -0.8756 0.2544 -0.4106
vn -0.9021 -0.3295 -0.2787
vn -0.6718 -0.4417 -0.5947
vn -0.4467 -0.8708 -0.2051
vn -0.5427 -0.8380 -0.0574
vn -0.6727 0.6793 -0.2932
vn -0.6284 0.6033 -0.4911
vn -0.0000 0.6641 -0.7477
vn -0.0000 0.1737 -0.9848
vn -0.0000 -0.0333 -0.9994
vn -0.0000 -0.5062 -0.8624
vn -0.0000 -0.9388 -0.3444
vn 0.7041 0.1476 -0.6946
vn 0.6718 -0.4417 -0.5947
vn 0.6508 0.3079 -0.6940
vn 0.4467 -0.8708 -0.2051
vn 0.6284 0.6033 -0.4911
vn 0.8122 0.4666 -0.3501
vn 0.8756 0.2544 -0.4106
vn 0.9021 -0.3295 -0.2787
vn 0.5427 -0.8380 -0.0574
vn 0.6727 0.6794 -0.2932
vn -0.0000 0.9683 -0.2499
vn -0.0000 -0.9999 0.0146
vn 0.1995 0.2065 0.9579
vn 0.1886 0.2096 0.9594
vn 0.1454 0.5642 0.8127
vn 0.1400 0.5589 0.8174
vn 0.1094 0.8348 0.5395
vn 0.0785 0.8317 0.5496
vn 0.0861 0.9794 0.1827
vn 0.0243 0.9807 0.1938
vn 0.0789 0.9762 -0.2018
vn -0.0138 0.9807 -0.1949
vn 0.0887 0.8272 -0.5549
vn -0.0295 0.8311 -0.5553
vn 0.1138 0.5560 -0.8233
vn -0.0204 0.5555 -0.8313
vn 0.1504 0.2046 -0.9672
vn 0.0121 0.1965 -0.9804
vn 0.1931 -0.1739 -0.9657
vn 0.0631 -0.1906 -0.9796
vn 0.1261 -0.5489 -0.8263
vn 0.2614 -0.5845 -0.7681
vn 0.4201 -0.7652 -0.4878
vn 0.1714 -0.8184 -0.5484
vn 0.0792 -0.1912 -0.9783
vn 0.1272 -0.6405 -0.7573
vn 0.5252 -0.8387 -0.1444
vn 0.2084 -0.9596 -0.1893
vn 0.5729 -0.7993 0.1815
vn 0.2318 -0.9529 0.1958
vn 0.5407 -0.7372 0.4053
vn 0.2383 -0.8012 0.5489
vn 0.4061 -0.5954 0.6932
vn 0.2269 -0.5282 0.8183
vn -0.7533 -0.0311 0.6569
vn -0.9764 -0.2160 -0.0082
vn -0.6964 -0.2886 0.6571
vn 0.9937 0.0955 0.0594
vn 0.2805 -0.5215 0.8058
vn 0.2482 -0.1714 0.9534
vn 0.1991 -0.1748 0.9643
vn -0.6429 -0.5265 0.5563
vn -0.6011 -0.7084 0.3699
vn -0.5773 -0.8067 0.1263
vn -0.5751 -0.8065 -0.1375
vn -0.5949 -0.7076 -0.3812
vn -0.6337 -0.5253 -0.5679
vn -0.6855 -0.2872 -0.6690
vn -0.7425 -0.0297 -0.6692
vn -0.7959 0.2082 -0.5685
vn -0.8378 0.3901 -0.3821
vn -0.8616 0.4884 -0.1385
vn -0.8637 0.4881 0.1253
vn -0.8439 0.3893 0.3691
vn -0.8051 0.2070 0.5558
vn 0.2321 -0.1733 0.9571
vn 0.2289 -0.5425 -0.8083
vn 0.2436 -0.7972 -0.5524
vn 0.2768 -0.9325 -0.2322
vn 0.3036 -0.9355 0.1809
vn 0.2944 -0.7923 0.5344
vn 0.2693 -0.5251 0.8073
vn -0.2102 0.1549 0.9653
vn -0.2665 0.5061 0.8202
vn -0.3116 0.7756 0.5490
vn -0.3378 0.9212 0.1930
vn -0.3408 0.9202 -0.1925
vn -0.3206 0.7729 -0.5476
vn -0.2810 0.5025 -0.8176
vn -0.2288 0.1513 -0.9617
vn -0.1723 -0.2266 -0.9586
vn -0.1197 -0.5737 -0.8103
vn -0.0782 -0.8380 -0.5400
vn -0.0533 -0.9806 -0.1888
vn -0.0485 -0.9804 0.1911
vn -0.0649 -0.8372 0.5430
vn -0.1009 -0.5719 0.8141
vn -0.1519 -0.2237 0.9628
vn 0.1589 0.2066 0.9654
vn 0.0379 0.1990 -0.9793
vn 0.0087 0.5599 -0.8285
vn -0.0036 0.8348 -0.5505
vn 0.0031 0.9819 -0.1896
vn 0.0276 0.9799 0.1977
vn 0.0660 0.8311 0.5522
vn 0.1121 0.5595 0.8212
vn 0.1061 -0.6646 0.7396
vn -0.0904 -0.8806 0.4651
vn -0.1774 -0.9605 0.2143
vn -0.1082 -0.9712 -0.2125
vn 0.0341 -0.8171 -0.5756
vn 0.0088 -0.6709 -0.7415
vn 0.1900 -0.8009 -0.5678
vn -0.1190 -0.8351 -0.5371
vn 0.0119 -0.8854 0.4646
vn 0.2641 -0.8566 0.4434
vn 0.5672 -0.7781 0.2699
vn -0.1900 -0.9192 0.3449
vn 0.5897 -0.7757 0.2250
vn -0.2240 -0.9617 0.1578
vn 0.4875 -0.8565 -0.1696
vn -0.0437 -0.9172 -0.3961
vn 0.4028 -0.7427 -0.5350
vn -0.0740 -0.8055 -0.5879
vt 0.715691 0.917576
vt 0.735689 0.976754
vt 0.726450 0.978991
vt 0.745102 0.978080
vt 0.707159 0.858504
vt 0.876388 0.840053
vt 0.074512 0.923558
vt 0.980230 0.850712
vt 0.744158 0.851681
vt 0.725421 0.853805
vt 0.074512 0.885150
vt 0.729813 0.914169
vt 0.744199 0.916183
vt 0.926389 0.915428
vt 0.913432 0.854225
vt 0.925298 0.852997
vt 0.937189 0.850229
vt 0.921785 0.978230
vt 0.882444 0.827619
vt 0.940150 0.977290
vt 0.892938 0.811964
vt 0.913158 0.840053
vt 0.900554 0.850366
vt 0.902939 0.977445
vt 0.909487 0.811964
vt 0.896608 0.840053
vt 0.862560 0.851174
vt 0.912108 0.916228
vt 0.940150 0.911569
vt 0.780184 0.916974
vt 0.818306 0.911084
vt 0.798274 0.976208
vt 0.788013 0.978452
vt 0.818804 0.848976
vt 0.829154 0.846846
vt 0.839698 0.847551
vt 0.808701 0.977441
vt 0.767155 0.853093
vt 0.812339 0.975928
vt 0.929707 0.840053
vt 0.973178 0.833730
vt 0.831127 0.977537
vt 0.915543 0.827619
vt 0.849960 0.976617
vt 0.803707 0.848088
vt 0.926037 0.811964
vt 0.954490 0.812441
vt 0.785352 0.850035
vt 0.973178 0.814883
vt 0.792430 0.913818
vt 0.843062 0.909401
vt 0.804918 0.915780
vt 0.830563 0.908473
vt 0.863140 0.530629
vt 0.863192 0.744631
vt 0.977403 0.763201
vt 0.843024 0.530720
vt 0.950418 0.526860
vt 0.838683 0.744319
vt 0.970056 0.739599
vt 0.905280 0.533176
vt 0.914619 0.743546
vt 0.935158 0.768530
vt 0.927758 0.530949
vt 0.942088 0.741832
vt 0.882657 0.532012
vt 0.887032 0.744461
vt 0.960269 0.780051
vt 0.956635 0.758618
vt 0.979925 0.910403
vt 0.980230 0.972749
vt 0.970993 0.975014
vt 0.961484 0.975196
vt 0.880059 0.826248
vt 0.052636 0.904354
vt 0.865895 0.824397
vt 0.961384 0.850369
vt 0.880059 0.811964
vt 0.036428 0.880173
vt 0.942536 0.850229
vt 0.951293 0.914139
vt 0.965819 0.913876
vt 0.875399 0.974507
vt 0.899857 0.977757
vt 0.887653 0.976516
vt 0.913158 0.825768
vt 0.896608 0.825768
vt 0.898994 0.827619
vt 0.881423 0.850229
vt 0.872594 0.912336
vt 0.886470 0.914940
vt 0.900554 0.916058
vt 0.929707 0.825768
vt 0.962443 0.824306
vt 0.414381 0.254954
vt 0.260018 0.420296
vt 0.624053 0.354062
vt 0.843775 0.389263
vt 0.255851 0.091633
vt 0.089116 0.250529
vt 0.647624 0.131198
vt 0.872939 0.134583
vt 0.163764 0.345346
vt 0.872469 0.263543
vt 0.348274 0.160507
vt 0.341511 0.349403
vt 0.753116 0.127146
vt 0.729316 0.373679
vt 0.160399 0.166811
vt 0.248783 0.260428
vt 0.739097 0.249886
vt 0.619398 0.238677
vt 0.058493 0.245192
vt 0.002768 0.234549
vt 0.949158 0.084620
vt 0.901276 0.114650
vt 0.139262 0.319217
vt 0.118513 0.293149
vt 0.101478 0.269121
vt 0.317867 0.372268
vt 0.294714 0.391563
vt 0.274679 0.407827
vt 0.723699 0.128531
vt 0.695616 0.130165
vt 0.669049 0.130950
vt 0.758677 0.379518
vt 0.789500 0.384599
vt 0.819931 0.387881
vt 0.137258 0.190441
vt 0.117404 0.214098
vt 0.101412 0.235387
vt 0.445691 0.251625
vt 0.499529 0.245114
vt 0.560150 0.412438
vt 0.599837 0.375741
vt 0.866723 0.301691
vt 0.858144 0.336944
vt 0.849738 0.367375
vt 0.627792 0.105960
vt 0.268078 0.002987
vt 0.593745 0.059385
vt 0.259971 0.058715
vt 0.370224 0.186642
vt 0.387977 0.213270
vt 0.402824 0.237393
vt 0.865982 0.414842
vt 0.905162 0.455280
vt 0.276983 0.507336
vt 0.265888 0.451277
vt 0.241155 0.407810
vt 0.216569 0.390632
vt 0.190066 0.369750
vt 0.874101 0.157352
vt 0.875469 0.188968
vt 0.875352 0.225166
vt 0.273067 0.104027
vt 0.296435 0.120096
vt 0.322553 0.138222
vt 0.226381 0.282764
vt 0.205666 0.303406
vt 0.186410 0.322607
vt 0.129154 0.380421
vt 0.073588 0.437012
vt 0.997232 0.276064
vt 0.924959 0.269048
vt 0.768375 0.252870
vt 0.799407 0.256060
vt 0.833481 0.259601
vt 0.400635 0.274382
vt 0.382877 0.298883
vt 0.363287 0.324404
vt 0.847835 0.130701
vt 0.815942 0.127611
vt 0.783934 0.126571
vt 0.645916 0.357947
vt 0.673010 0.362913
vt 0.701051 0.367921
vt 0.236101 0.106195
vt 0.211259 0.124769
vt 0.185542 0.144854
vt 0.320523 0.188621
vt 0.295714 0.213533
vt 0.271968 0.237280
vt 0.731088 0.339824
vt 0.733268 0.310789
vt 0.736038 0.281090
vt 0.183110 0.194011
vt 0.203760 0.216056
vt 0.225687 0.237723
vt 0.271441 0.283588
vt 0.293086 0.305638
vt 0.314786 0.326481
vt 0.382380 0.381072
vt 0.446388 0.425274
vt 0.726238 0.499721
vt 0.727460 0.423824
vt 0.761933 0.077643
vt 0.777539 0.002768
vt 0.086837 0.059252
vt 0.129365 0.124974
vt 0.741906 0.218689
vt 0.744693 0.189237
vt 0.748033 0.160571
vt 0.710978 0.247060
vt 0.683239 0.244305
vt 0.654132 0.241545
vt 0.625381 0.206480
vt 0.633713 0.177234
vt 0.641652 0.151269
vt 0.382506 0.125340
vt 0.505064 0.231931
vt 0.425962 0.079412
vt 0.572315 0.235327
vt 0.617636 0.271853
vt 0.618797 0.303598
vt 0.621680 0.332290
vt 0.705158 0.335109
vt 0.679251 0.331191
vt 0.652011 0.329252
vt 0.707101 0.306724
vt 0.680804 0.303336
vt 0.652639 0.301563
vt 0.708698 0.277610
vt 0.681395 0.274496
vt 0.652141 0.272269
vt 0.440087 0.219820
vt 0.426378 0.187864
vt 0.407279 0.155544
vt 0.535161 0.376210
vt 0.493012 0.201622
vt 0.479008 0.158479
vt 0.516829 0.333343
vt 0.456453 0.116693
vt 0.506383 0.284423
vt 0.584027 0.347367
vt 0.575074 0.313020
vt 0.570870 0.275017
vt 0.724641 0.079361
vt 0.689162 0.083953
vt 0.656337 0.091936
vt 0.130837 0.029830
vt 0.724902 0.004208
vt 0.675470 0.015003
vt 0.177724 0.011195
vt 0.631705 0.033802
vt 0.223914 0.002768
vt 0.160952 0.100161
vt 0.194195 0.080174
vt 0.227390 0.065236
vt 0.163466 0.409681
vt 0.199601 0.431807
vt 0.234127 0.446105
vt 0.985933 0.334581
vt 0.125601 0.474820
vt 0.180081 0.497734
vt 0.962444 0.385226
vt 0.231092 0.507035
vt 0.934946 0.424752
vt 0.915992 0.314313
vt 0.902992 0.355630
vt 0.887100 0.390200
vt 0.406528 0.349643
vt 0.425511 0.316723
vt 0.439450 0.284003
vt 0.675650 0.489393
vt 0.474639 0.381576
vt 0.491895 0.335205
vt 0.629217 0.471010
vt 0.499529 0.289478
vt 0.590744 0.443957
vt 0.691641 0.416642
vt 0.657745 0.406444
vt 0.626131 0.394163
vt 0.294154 0.260692
vt 0.317288 0.237178
vt 0.341780 0.212927
vt 0.314914 0.283166
vt 0.336797 0.260164
vt 0.359993 0.236983
vt 0.336069 0.303828
vt 0.356603 0.280714
vt 0.377573 0.258145
vt 0.205824 0.172767
vt 0.229033 0.152057
vt 0.251814 0.130521
vt 0.226213 0.194172
vt 0.249300 0.172285
vt 0.272579 0.148777
vt 0.248602 0.215056
vt 0.272123 0.191928
vt 0.296357 0.167260
vt 0.064096 0.276805
vt 0.078356 0.310571
vt 0.099937 0.346259
vt 0.971374 0.120971
vt 0.003958 0.280916
vt 0.013766 0.331371
vt 0.988048 0.164838
vt 0.036047 0.385260
vt 0.997232 0.217747
vt 0.916829 0.143332
vt 0.924297 0.180293
vt 0.927004 0.223110
vt 0.353502 0.099579
vt 0.322233 0.079643
vt 0.291207 0.065180
vt 0.513384 0.178895
vt 0.389788 0.049397
vt 0.350988 0.025887
vt 0.533917 0.131394
vt 0.310185 0.010603
vt 0.561095 0.091740
vt 0.580112 0.196738
vt 0.591687 0.161193
vt 0.607209 0.130320
vt 0.817689 0.356743
vt 0.787022 0.350520
vt 0.758081 0.345007
vt 0.822223 0.326525
vt 0.789971 0.320049
vt 0.760536 0.315098
vt 0.828353 0.294040
vt 0.794827 0.288777
vt 0.764387 0.284712
vt 0.124171 0.255346
vt 0.142687 0.237061
vt 0.161844 0.215924
vt 0.143440 0.276757
vt 0.163031 0.258521
vt 0.182719 0.237882
vt 0.163844 0.299456
vt 0.183668 0.280639
vt 0.203967 0.259947
vt 0.209713 0.345069
vt 0.228476 0.325383
vt 0.249124 0.305255
vt 0.232747 0.365440
vt 0.250658 0.346008
vt 0.271101 0.326584
vt 0.254419 0.384800
vt 0.272021 0.366386
vt 0.292831 0.347534
vt 0.294778 0.444500
vt 0.323582 0.430030
vt 0.353584 0.408578
vt 0.869939 0.478096
vt 0.320050 0.501248
vt 0.363626 0.487113
vt 0.827882 0.493873
vt 0.407623 0.461770
vt 0.778601 0.501523
vt 0.836640 0.426787
vt 0.801884 0.430419
vt 0.764470 0.428865
vt 0.873622 0.096233
vt 0.838163 0.085169
vt 0.800198 0.079276
vt 0.008573 0.189564
vt 0.918517 0.054005
vt 0.878202 0.028885
vt 0.023560 0.143279
vt 0.829995 0.011161
vt 0.049964 0.098284
vt 0.064815 0.215367
vt 0.079838 0.185006
vt 0.101652 0.153989
vt 0.836102 0.224789
vt 0.801509 0.223093
vt 0.770749 0.220852
vt 0.836941 0.191599
vt 0.803092 0.191354
vt 0.772660 0.190245
vt 0.838796 0.160894
vt 0.806374 0.160700
vt 0.776210 0.160404
vt 0.714415 0.216790
vt 0.687366 0.214680
vt 0.659021 0.211685
vt 0.718114 0.188462
vt 0.692165 0.187270
vt 0.665321 0.184459
vt 0.721389 0.161025
vt 0.695746 0.161070
vt 0.669781 0.158832
vt 0.649599 0.636086
vt 0.641854 0.564865
vt 0.583297 0.649536
vt 0.562796 0.579161
vt 0.616272 0.641361
vt 0.682679 0.669310
vt 0.529899 0.543140
vt 0.657371 0.517161
vt 0.567086 0.694690
vt 0.628685 0.698578
vt 0.588528 0.508966
vt 0.600954 0.569426
vt 0.654116 0.601581
vt 0.565221 0.617363
vt 0.712447 0.597461
vt 0.509223 0.637484
vt 0.608753 0.606007
vt 0.693872 0.682084
vt 0.705583 0.696696
vt 0.542260 0.555145
vt 0.551005 0.565623
vt 0.557975 0.573932
vt 0.562471 0.711185
vt 0.558206 0.729415
vt 0.653022 0.590991
vt 0.650277 0.580712
vt 0.645991 0.571421
vt 0.569593 0.627462
vt 0.574620 0.636591
vt 0.579603 0.644282
vt 0.625696 0.639681
vt 0.634846 0.638294
vt 0.643306 0.637076
vt 0.589574 0.647979
vt 0.597913 0.645804
vt 0.606926 0.643503
vt 0.632960 0.717967
vt 0.637522 0.738661
vt 0.654899 0.641078
vt 0.662813 0.648708
vt 0.672227 0.658150
vt 0.644307 0.557799
vt 0.647415 0.546867
vt 0.651078 0.533279
vt 0.580499 0.656484
vt 0.576429 0.667027
vt 0.571819 0.679875
vt 0.618573 0.652134
vt 0.621383 0.665173
vt 0.624750 0.680639
vt 0.638753 0.510253
vt 0.621463 0.507535
vt 0.604979 0.507058
vt 0.581480 0.698877
vt 0.596479 0.700969
vt 0.612381 0.700864
vt 0.644436 0.693820
vt 0.658874 0.687252
vt 0.671529 0.679078
vt 0.706855 0.571313
vt 0.693797 0.548172
vt 0.676555 0.529783
vt 0.519925 0.660908
vt 0.536458 0.677135
vt 0.552216 0.687779
vt 0.572826 0.513944
vt 0.558291 0.520986
vt 0.543996 0.530055
vt 0.592761 0.529501
vt 0.596027 0.545467
vt 0.598692 0.558572
vt 0.589532 0.571651
vt 0.578754 0.574256
vt 0.569376 0.576989
vt 0.606820 0.596917
vt 0.604894 0.587913
vt 0.602965 0.578912
vt 0.612648 0.567491
vt 0.624171 0.566049
vt 0.634520 0.565172
vt 0.650907 0.630187
vt 0.652448 0.621751
vt 0.653749 0.612044
vt 0.561543 0.586375
vt 0.561072 0.596241
vt 0.562302 0.606791
vt 0.692982 0.657001
vt 0.702238 0.641244
vt 0.708888 0.621535
vt 0.517032 0.561589
vt 0.507657 0.585018
vt 0.505064 0.611442
vt 0.614345 0.632274
vt 0.612509 0.623732
vt 0.610658 0.615012
vt 0.732961 0.603844
vt 0.576040 0.614058
vt 0.586805 0.610971
vt 0.597687 0.608230
vt 0.665898 0.600375
vt 0.678678 0.598980
vt 0.693818 0.597725
vt 0.553868 0.620861
vt 0.541124 0.624985
vt 0.526650 0.630292
vt 0.619995 0.604411
vt 0.631351 0.603297
vt 0.642693 0.602477
vt 0.635519 0.527919
vt 0.634406 0.542633
vt 0.633931 0.554917
vt 0.620682 0.526255
vt 0.621363 0.541843
vt 0.622552 0.554901
vt 0.606494 0.527218
vt 0.608510 0.543121
vt 0.610601 0.556297
vt 0.641779 0.592818
vt 0.630168 0.594073
vt 0.618446 0.595303
vt 0.639751 0.583394
vt 0.628399 0.584932
vt 0.616631 0.586266
vt 0.636925 0.574296
vt 0.626249 0.575773
vt 0.614666 0.577171
vt 0.534638 0.648832
vt 0.547322 0.639824
vt 0.558812 0.632863
vt 0.546289 0.663350
vt 0.556044 0.652157
vt 0.565426 0.643286
vt 0.559096 0.673507
vt 0.566010 0.661322
vt 0.572716 0.651452
vt 0.689278 0.577724
vt 0.675834 0.583296
vt 0.664131 0.587787
vt 0.679982 0.559016
vt 0.669323 0.568355
vt 0.659855 0.575698
vt 0.666581 0.543732
vt 0.659517 0.555701
vt 0.653103 0.565154
vt 0.638283 0.677101
vt 0.633001 0.662496
vt 0.628774 0.650074
vt 0.650962 0.672333
vt 0.644055 0.659195
vt 0.638570 0.647930
vt 0.662359 0.666206
vt 0.654108 0.654865
vt 0.647511 0.645293
vt 0.584351 0.683176
vt 0.587110 0.669212
vt 0.589149 0.657514
vt 0.597383 0.684017
vt 0.598178 0.669065
vt 0.598503 0.656363
vt 0.610955 0.683065
vt 0.609675 0.667524
vt 0.608391 0.654374
vt 0.595393 0.599161
vt 0.584201 0.601839
vt 0.573200 0.604534
vt 0.593399 0.590142
vt 0.582236 0.592723
vt 0.571491 0.595037
vt 0.591531 0.581117
vt 0.580628 0.583649
vt 0.570631 0.585838
vt 0.576300 0.735651
vt 0.578759 0.716454
vt 0.595750 0.740142
vt 0.595936 0.719747
vt 0.616578 0.741407
vt 0.614241 0.720418
vt 0.657692 0.732351
vt 0.650972 0.712321
vt 0.676081 0.722419
vt 0.667283 0.704001
vt 0.691840 0.710089
vt 0.681431 0.693757
vt 0.508015 0.678687
vt 0.520727 0.714482
vt 0.526631 0.694170
vt 0.540040 0.722453
vt 0.545669 0.704027
vt 0.579391 0.532881
vt 0.583812 0.548185
vt 0.587074 0.560933
vt 0.566482 0.537691
vt 0.571949 0.551817
vt 0.575910 0.563794
vt 0.554035 0.544720
vt 0.560837 0.557269
vt 0.565963 0.567806
vt 0.719014 0.682548
vt 0.705873 0.668469
vt 0.732961 0.666899
vt 0.718601 0.651312
vt 0.727455 0.628814
vt 0.605077 0.634360
vt 0.596062 0.636879
vt 0.587466 0.639918
vt 0.602780 0.625818
vt 0.593223 0.628498
vt 0.583852 0.631920
vt 0.600235 0.617165
vt 0.589966 0.619915
vt 0.579799 0.623295
vt 0.680894 0.647468
vt 0.669825 0.639709
vt 0.659925 0.633793
vt 0.688030 0.633696
vt 0.675128 0.628041
vt 0.663364 0.624054
vt 0.692727 0.616928
vt 0.678376 0.614175
vt 0.665423 0.612702
vt 0.532144 0.570122
vt 0.543448 0.577755
vt 0.552871 0.583483
vt 0.525562 0.588954
vt 0.539114 0.592724
vt 0.550568 0.595371
vt 0.523402 0.609694
vt 0.538459 0.608910
vt 0.550955 0.608155
vt 0.642025 0.629265
vt 0.632971 0.629718
vt 0.623708 0.630751
vt 0.642228 0.620995
vt 0.632256 0.621280
vt 0.622347 0.622233
vt 0.642685 0.611998
vt 0.631898 0.612487
vt 0.621233 0.613460
vt 0.521847 0.956537
vt 0.588540 0.906276
vt 0.563197 0.985849
vt 0.505064 0.908711
vt 0.519030 0.859988
vt 0.541430 0.972735
vt 0.537635 0.842677
vt 0.588540 0.987738
vt 0.510231 0.883829
vt 0.511673 0.933250
vt 0.672045 0.885171
vt 0.670458 0.882350
vt 0.668720 0.881483
vt 0.664889 0.881393
vt 0.662526 0.882382
vt 0.669508 0.886532
vt 0.668035 0.885710
vt 0.667062 0.885118
vt 0.665228 0.885176
vt 0.663778 0.884896
vt 0.668252 0.888680
vt 0.666764 0.887968
vt 0.665828 0.887520
vt 0.664709 0.886985
vt 0.663407 0.886362
vt 0.667369 0.891006
vt 0.665804 0.890375
vt 0.664733 0.889989
vt 0.663626 0.888525
vt 0.662498 0.887572
vt 0.667902 0.893835
vt 0.664709 0.894370
vt 0.662943 0.893561
vt 0.660469 0.890636
vt 0.659756 0.888175
vt 0.660191 0.884825
vt 0.672045 0.890494
vt 0.370808 0.960724
vt 0.470430 0.865962
vt 0.102940 0.825917
vt 0.408016 0.675276
vt 0.183596 0.887237
vt 0.373350 0.950966
vt 0.144560 0.825342
vt 0.190384 0.868723
vt 0.376498 0.941757
vt 0.183236 0.809022
vt 0.198707 0.850869
vt 0.380157 0.933092
vt 0.212988 0.779099
vt 0.208675 0.833867
vt 0.384259 0.924947
vt 0.229151 0.739970
vt 0.220241 0.817924
vt 0.388771 0.917287
vt 0.229151 0.697539
vt 0.233227 0.803130
vt 0.393688 0.910082
vt 0.212906 0.658267
vt 0.247375 0.789444
vt 0.398951 0.903277
vt 0.182838 0.628156
vt 0.262389 0.776695
vt 0.404684 0.896881
vt 0.143492 0.611821
vt 0.277984 0.764624
vt 0.410933 0.890913
vt 0.100844 0.611787
vt 0.293907 0.752939
vt 0.417742 0.885415
vt 0.061387 0.628100
vt 0.309967 0.741388
vt 0.425146 0.880447
vt 0.031142 0.658322
vt 0.326116 0.729864
vt 0.433158 0.876081
vt 0.014760 0.697904
vt 0.342222 0.718325
vt 0.441764 0.872390
vt 0.014837 0.740871
vt 0.358330 0.706865
vt 0.450918 0.869437
vt 0.031563 0.780690
vt 0.374567 0.695677
vt 0.460487 0.867298
vt 0.062762 0.811155
vt 0.391104 0.685034
vt 0.122317 0.718988
vt 0.470430 0.965592
vt 0.111686 0.779415
vt 0.089899 0.769872
vt 0.072541 0.753809
vt 0.062831 0.732127
vt 0.062278 0.708338
vt 0.070928 0.686164
vt 0.087420 0.669013
vt 0.109214 0.659497
vt 0.132973 0.659052
vt 0.155077 0.667728
vt 0.172169 0.684187
vt 0.181662 0.705918
vt 0.182133 0.729614
vt 0.173532 0.751694
vt 0.157173 0.768849
vt 0.135504 0.778549
vt 0.444927 0.772771
vt 0.278259 0.932414
vt 0.284775 0.918762
vt 0.292089 0.905613
vt 0.300120 0.892900
vt 0.308716 0.880583
vt 0.317770 0.868619
vt 0.327202 0.856988
vt 0.337012 0.845720
vt 0.347134 0.834865
vt 0.357594 0.824497
vt 0.368441 0.814705
vt 0.379703 0.805551
vt 0.391492 0.797161
vt 0.403867 0.789628
vt 0.416865 0.783032
vt 0.430574 0.777404
vt 0.457679 0.819366
vt 0.324534 0.946569
vt 0.329062 0.934864
vt 0.334294 0.923685
vt 0.340139 0.912996
vt 0.346488 0.902765
vt 0.353271 0.892953
vt 0.360445 0.883535
vt 0.367981 0.874498
vt 0.375909 0.865873
vt 0.445530 0.822351
vt 0.369237 0.838995
vt 0.399177 0.876664
vt 0.399289 0.876415
vt 0.375921 0.865862
vt 0.384263 0.857705
vt 0.406974 0.869972
vt 0.379208 0.830149
vt 0.393091 0.850060
vt 0.415208 0.864068
vt 0.389641 0.821930
vt 0.402424 0.842999
vt 0.424032 0.858795
vt 0.400618 0.814446
vt 0.412325 0.836621
vt 0.433454 0.854241
vt 0.412177 0.807778
vt 0.422815 0.831009
vt 0.443447 0.850480
vt 0.424439 0.802369
vt 0.424336 0.801989
vt 0.445514 0.822356
vt 0.433891 0.826234
vt 0.391776 0.867060
vt 0.391720 0.867185
vt 0.438669 0.838357
vt 0.428135 0.842625
vt 0.418179 0.847708
vt 0.408816 0.853534
vt 0.400033 0.860016
s 1
usemtl Material.020
f 818/957/753 824/967/754 817/956/755 819/958/756
f 820/959/757 825/968/758 824/967/754 818/957/753
f 824/967/754 823/965/759 821/960/760 817/956/755
f 825/968/758 822/964/761 823/965/759 824/967/754
f 827/970/762 833/983/763 826/969/764 828/971/765
f 828/971/765 826/969/764 834/984/766 829/972/767
f 833/983/763 832/979/768 830/973/769 826/969/764
f 826/969/764 830/973/769 831/975/770 834/984/766
f 836/987/771 844/1005/772 835/985/773 837/988/774
f 838/990/775 846/1008/776 845/1006/777 839/991/778
f 837/989/774 835/986/773 846/1008/776 838/990/775
f 839/992/778 845/1007/777 844/1005/772 836/987/771
f 844/1005/772 843/1003/779 840/993/780 835/985/773
f 846/1008/776 841/997/781 842/999/782 845/1006/777
f 835/986/773 840/994/780 841/997/781 846/1008/776
f 845/1007/777 842/1000/782 843/1003/779 844/1005/772
f 847/1009/783 849/1012/784 850/1014/785 848/1010/786
f 849/1013/784 853/1019/787 854/1020/788 850/1015/785
f 853/1019/787 851/1016/789 852/1017/790 854/1020/788
f 855/1021/791 847/1009/783 848/1010/786 856/1022/792
f 851/1016/789 855/1021/791 856/1022/792 852/1017/790
f 852/1018/790 857/1024/793 854/1020/788
f 848/1011/786 857/1024/793 856/1023/792
f 856/1023/792 857/1024/793 852/1018/790
f 854/1020/788 857/1024/793 850/1015/785
f 850/1015/785 857/1024/793 848/1011/786
f 860/1027/794 866/1037/795 865/1036/796 861/1028/797
f 859/1026/798 858/1025/799 866/1037/795 860/1027/794
f 863/1031/800 821/961/760 862/1029/801
f 864/1033/802 863/1031/800 862/1029/801
f 823/966/759 864/1034/802 862/1030/801
f 862/1030/801 821/962/760 823/966/759
f 866/1037/795 863/1032/800 864/1035/802 865/1036/796
f 858/1025/799 821/963/760 863/1032/800 866/1037/795
f 868/1039/803 874/1047/804 873/1046/805 869/1040/806
f 869/1040/806 873/1046/805 872/1045/807 867/1038/808
f 831/976/770 830/974/769 870/1042/809
f 871/1043/810 831/977/770 870/1041/809
f 832/980/768 871/1043/810 870/1041/809
f 870/1042/809 830/974/769 832/981/768
f 874/1047/804 831/978/770 871/1044/810 873/1046/805
f 873/1046/805 871/1044/810 832/982/768 872/1045/807
f 841/998/781 840/995/780 875/1048/811
f 842/1001/782 841/998/781 875/1048/811
f 843/1004/779 842/1002/782 875/1049/811
f 875/1049/811 840/996/780 843/1004/779
f 990/1172/812 993/1175/813 994/1176/814 991/1173/815
f 991/1173/815 994/1176/814 995/1177/816 992/1174/817
f 993/1175/813 996/1178/818 997/1179/819 994/1176/814
f 994/1176/814 997/1179/819 998/1180/820 995/1177/816
f 889/1063/821 960/1139/822 990/1172/812 953/1132/823
f 953/1132/823 990/1172/812 991/1173/815 952/1131/824
f 952/1131/824 991/1173/815 992/1174/817 951/1130/825
f 951/1130/825 992/1174/817 989/1171/826 878/1052/827
f 992/1174/817 995/1177/816 988/1170/828 989/1171/826
f 995/1177/816 998/1180/820 987/1169/829 988/1170/828
f 998/1180/820 980/1161/830 893/1067/831 987/1169/829
f 997/1179/819 979/1160/832 980/1161/830 998/1180/820
f 996/1178/818 978/1159/833 979/1160/832 997/1179/819
f 962/1141/834 892/1066/835 978/1159/833 996/1178/818
f 961/1140/836 962/1141/834 996/1178/818 993/1175/813
f 960/1139/822 961/1140/836 993/1175/813 990/1172/812
f 999/1181/837 1002/1185/838 1003/1186/839 1000/1182/840
f 1000/1182/840 1003/1186/839 1004/1188/841 1001/1183/842
f 1002/1184/838 1005/1190/843 1006/1191/844 1003/1187/839
f 1003/1187/839 1006/1191/844 1007/1192/845 1004/1189/841
f 876/1050/846 912/1087/847 999/1181/837 923/1100/848
f 923/1100/848 999/1181/837 1000/1182/840 922/1099/849
f 922/1099/849 1000/1182/840 1001/1183/842 921/1098/850
f 921/1098/850 1001/1183/842 984/1165/851 886/1060/852
f 1001/1183/842 1004/1188/841 985/1167/853 984/1165/851
f 1004/1189/841 1007/1192/845 986/1168/854 985/1166/853
f 1007/1192/845 987/1169/829 893/1067/831 986/1168/854
f 1006/1191/844 988/1170/828 987/1169/829 1007/1192/845
f 1005/1190/843 989/1171/826 988/1170/828 1006/1191/844
f 914/1090/855 878/1052/827 989/1171/826 1005/1190/843
f 913/1089/856 914/1090/855 1005/1190/843 1002/1184/838
f 912/1087/847 913/1088/856 1002/1185/838 999/1181/837
f 1008/1193/857 1011/1197/858 1012/1198/859 1009/1194/860
f 1009/1194/860 1012/1198/859 1013/1200/861 1010/1195/862
f 1011/1196/858 1014/1202/863 1015/1203/864 1012/1199/859
f 1012/1199/859 1015/1203/864 1016/1204/865 1013/1201/861
f 888/1062/866 972/1152/867 1008/1193/857 903/1078/868
f 903/1078/868 1008/1193/857 1009/1194/860 904/1079/869
f 904/1079/869 1009/1194/860 1010/1195/862 905/1080/870
f 905/1080/870 1010/1195/862 918/1094/871 882/1056/872
f 1010/1195/862 1013/1200/861 919/1096/873 918/1094/871
f 1013/1201/861 1016/1204/865 920/1097/874 919/1095/873
f 1016/1204/865 954/1133/875 880/1054/876 920/1097/874
f 1015/1203/864 955/1134/877 954/1133/875 1016/1204/865
f 1014/1202/863 956/1135/878 955/1134/877 1015/1203/864
f 974/1155/879 890/1064/880 956/1135/878 1014/1202/863
f 973/1154/881 974/1155/879 1014/1202/863 1011/1196/858
f 972/1152/867 973/1153/881 1011/1197/858 1008/1193/857
f 1017/1205/882 1020/1209/883 1021/1210/884 1018/1206/885
f 1018/1206/885 1021/1210/884 1022/1212/886 1019/1207/887
f 1020/1208/883 1023/1214/888 1024/1215/889 1021/1211/884
f 1021/1211/884 1024/1215/889 1025/1216/890 1022/1213/886
f 884/1058/891 939/1117/892 1017/1205/882 929/1107/893
f 929/1107/893 1017/1205/882 1018/1206/885 928/1106/894
f 928/1106/894 1018/1206/885 1019/1207/887 927/1105/895
f 927/1105/895 1019/1207/887 926/1104/896 877/1051/897
f 1019/1207/887 1022/1212/886 925/1103/898 926/1104/896
f 1022/1213/886 1025/1216/890 924/1101/899 925/1102/898
f 1025/1216/890 917/1093/900 879/1053/901 924/1101/899
f 1024/1215/889 916/1092/902 917/1093/900 1025/1216/890
f 1023/1214/888 915/1091/903 916/1092/902 1024/1215/889
f 941/1120/904 885/1059/905 915/1091/903 1023/1214/888
f 940/1119/906 941/1120/904 1023/1214/888 1020/1208/883
f 939/1117/892 940/1118/906 1020/1209/883 1017/1205/882
f 1026/1217/907 1029/1221/908 1030/1222/909 1027/1218/910
f 1027/1218/910 1030/1222/909 1031/1224/911 1028/1219/912
f 1029/1220/908 1032/1226/913 1033/1227/914 1030/1223/909
f 1030/1223/909 1033/1227/914 1034/1228/915 1031/1225/911
f 887/1061/916 969/1148/917 1026/1217/907 947/1126/918
f 947/1126/918 1026/1217/907 1027/1218/910 946/1125/919
f 946/1125/919 1027/1218/910 1028/1219/912 945/1124/920
f 945/1124/920 1028/1219/912 912/1087/847 876/1050/846
f 1028/1219/912 1031/1224/911 913/1088/856 912/1087/847
f 1031/1225/911 1034/1228/915 914/1090/855 913/1089/856
f 1034/1228/915 951/1130/825 878/1052/827 914/1090/855
f 1033/1227/914 952/1131/824 951/1130/825 1034/1228/915
f 1032/1226/913 953/1132/823 952/1131/824 1033/1227/914
f 971/1151/921 889/1063/821 953/1132/823 1032/1226/913
f 970/1150/922 971/1151/921 1032/1226/913 1029/1220/908
f 969/1148/917 970/1149/922 1029/1221/908 1026/1217/907
f 1035/1229/923 1038/1232/924 1039/1233/925 1036/1230/926
f 1036/1230/926 1039/1233/925 1040/1234/927 1037/1231/928
f 1038/1232/924 1041/1235/929 1042/1236/930 1039/1233/925
f 1039/1233/925 1042/1236/930 1043/1237/931 1040/1234/927
f 891/1065/932 966/1145/933 1035/1229/923 959/1138/934
f 959/1138/934 1035/1229/923 1036/1230/926 958/1137/935
f 958/1137/935 1036/1230/926 1037/1231/928 957/1136/936
f 957/1136/936 1037/1231/928 921/1098/850 886/1060/852
f 1037/1231/928 1040/1234/927 922/1099/849 921/1098/850
f 1040/1234/927 1043/1237/931 923/1100/848 922/1099/849
f 1043/1237/931 945/1124/920 876/1050/846 923/1100/848
f 1042/1236/930 946/1125/919 945/1124/920 1043/1237/931
f 1041/1235/929 947/1126/918 946/1125/919 1042/1236/930
f 968/1147/937 887/1061/916 947/1126/918 1041/1235/929
f 967/1146/938 968/1147/937 1041/1235/929 1038/1232/924
f 966/1145/933 967/1146/938 1038/1232/924 1035/1229/923
f 1044/1238/939 1047/1241/940 1048/1242/941 1045/1239/942
f 1045/1239/942 1048/1242/941 1049/1243/943 1046/1240/944
f 1047/1241/940 1050/1244/945 1051/1245/946 1048/1242/941
f 1048/1242/941 1051/1245/946 1052/1246/947 1049/1243/943
f 890/1064/880 963/1142/948 1044/1238/939 956/1135/878
f 956/1135/878 1044/1238/939 1045/1239/942 955/1134/877
f 955/1134/877 1045/1239/942 1046/1240/944 954/1133/875
f 954/1133/875 1046/1240/944 933/1111/949 880/1054/876
f 1046/1240/944 1049/1243/943 934/1112/950 933/1111/949
f 1049/1243/943 1052/1246/947 935/1113/951 934/1112/950
f 1052/1246/947 957/1136/936 886/1060/852 935/1113/951
f 1051/1245/946 958/1137/935 957/1136/936 1052/1246/947
f 1050/1244/945 959/1138/934 958/1137/935 1051/1245/946
f 965/1144/952 891/1065/932 959/1138/934 1050/1244/945
f 964/1143/953 965/1144/952 1050/1244/945 1047/1241/940
f 963/1142/948 964/1143/953 1047/1241/940 1044/1238/939
f 1053/1247/954 1056/1251/955 1057/1252/956 1054/1248/957
f 1054/1248/957 1057/1252/956 1058/1254/958 1055/1249/959
f 1056/1250/955 1059/1256/960 1060/1257/961 1057/1253/956
f 1057/1253/956 1060/1257/961 1061/1258/962 1058/1255/958
f 881/1055/963 894/1068/964 1053/1247/954 899/1074/965
f 899/1074/965 1053/1247/954 1054/1248/957 898/1073/966
f 898/1073/966 1054/1248/957 1055/1249/959 897/1072/967
f 897/1072/967 1055/1249/959 939/1117/892 884/1058/891
f 1055/1249/959 1058/1254/958 940/1118/906 939/1117/892
f 1058/1255/958 1061/1258/962 941/1120/904 940/1119/906
f 1061/1258/962 932/1110/968 885/1059/905 941/1120/904
f 1060/1257/961 931/1109/969 932/1110/968 1061/1258/962
f 1059/1256/960 930/1108/970 931/1109/969 1060/1257/961
f 896/1071/971 883/1057/972 930/1108/970 1059/1256/960
f 895/1070/973 896/1071/971 1059/1256/960 1056/1250/955
f 894/1068/964 895/1069/973 1056/1251/955 1053/1247/954
f 1062/1259/974 1065/1263/975 1066/1264/976 1063/1260/977
f 1063/1260/977 1066/1264/976 1067/1266/978 1064/1261/979
f 1065/1262/975 1068/1268/980 1069/1269/981 1066/1265/976
f 1066/1265/976 1069/1269/981 1070/1270/982 1067/1267/978
f 886/1060/852 984/1165/851 1062/1259/974 935/1113/951
f 935/1113/951 1062/1259/974 1063/1260/977 934/1112/950
f 934/1112/950 1063/1260/977 1064/1261/979 933/1111/949
f 933/1111/949 1064/1261/979 920/1097/874 880/1054/876
f 1064/1261/979 1067/1266/978 919/1095/873 920/1097/874
f 1067/1267/978 1070/1270/982 918/1094/871 919/1096/873
f 1070/1270/982 983/1164/983 882/1056/872 918/1094/871
f 1069/1269/981 982/1163/984 983/1164/983 1070/1270/982
f 1068/1268/980 981/1162/985 982/1163/984 1069/1269/981
f 986/1168/854 893/1067/831 981/1162/985 1068/1268/980
f 985/1166/853 986/1168/854 1068/1268/980 1065/1262/975
f 984/1165/851 985/1167/853 1065/1263/975 1062/1259/974
f 1071/1271/986 1074/1274/987 1075/1275/988 1072/1272/989
f 1072/1272/989 1075/1275/988 1076/1276/990 1073/1273/991
f 1074/1274/987 1077/1277/992 1078/1278/993 1075/1275/988
f 1075/1275/988 1078/1278/993 1079/1279/994 1076/1276/990
f 879/1053/901 917/1093/900 1071/1271/986 908/1083/995
f 908/1083/995 1071/1271/986 1072/1272/989 907/1082/996
f 907/1082/996 1072/1272/989 1073/1273/991 906/1081/997
f 906/1081/997 1073/1273/991 960/1139/822 889/1063/821
f 1073/1273/991 1076/1276/990 961/1140/836 960/1139/822
f 1076/1276/990 1079/1279/994 962/1141/834 961/1140/836
f 1079/1279/994 942/1121/998 892/1066/835 962/1141/834
f 1078/1278/993 943/1122/999 942/1121/998 1079/1279/994
f 1077/1277/992 944/1123/1000 943/1122/999 1078/1278/993
f 915/1091/903 885/1059/905 944/1123/1000 1077/1277/992
f 916/1092/902 915/1091/903 1077/1277/992 1074/1274/987
f 917/1093/900 916/1092/902 1074/1274/987 1071/1271/986
f 1080/1280/1001 1083/1283/1002 1084/1284/1003 1081/1281/1004
f 1081/1281/1004 1084/1284/1003 1085/1285/1005 1082/1282/1006
f 1083/1283/1002 1086/1286/1007 1087/1287/1008 1084/1284/1003
f 1084/1284/1003 1087/1287/1008 1088/1288/1009 1085/1285/1005
f 881/1055/963 899/1074/965 1080/1280/1001 911/1086/1010
f 911/1086/1010 1080/1280/1001 1081/1281/1004 910/1085/1011
f 910/1085/1011 1081/1281/1004 1082/1282/1006 909/1084/1012
f 909/1084/1012 1082/1282/1006 963/1142/948 890/1064/880
f 1082/1282/1006 1085/1285/1005 964/1143/953 963/1142/948
f 1085/1285/1005 1088/1288/1009 965/1144/952 964/1143/953
f 1088/1288/1009 936/1114/1013 891/1065/932 965/1144/952
f 1087/1287/1008 937/1115/1014 936/1114/1013 1088/1288/1009
f 1086/1286/1007 938/1116/1015 937/1115/1014 1087/1287/1008
f 897/1072/967 884/1058/891 938/1116/1015 1086/1286/1007
f 898/1073/966 897/1072/967 1086/1286/1007 1083/1283/1002
f 899/1074/965 898/1073/966 1083/1283/1002 1080/1280/1001
f 1089/1289/1016 1092/1292/1017 1093/1293/1018 1090/1290/1019
f 1090/1290/1019 1093/1293/1018 1094/1294/1020 1091/1291/1021
f 1092/1292/1017 1095/1295/1022 1096/1296/1023 1093/1293/1018
f 1093/1293/1018 1096/1296/1023 1097/1297/1024 1094/1294/1020
f 884/1058/891 929/1107/893 1089/1289/1016 938/1116/1015
f 938/1116/1015 1089/1289/1016 1090/1290/1019 937/1115/1014
f 937/1115/1014 1090/1290/1019 1091/1291/1021 936/1114/1013
f 936/1114/1013 1091/1291/1021 966/1145/933 891/1065/932
f 1091/1291/1021 1094/1294/1020 967/1146/938 966/1145/933
f 1094/1294/1020 1097/1297/1024 968/1147/937 967/1146/938
f 1097/1297/1024 900/1075/1025 887/1061/916 968/1147/937
f 1096/1296/1023 901/1076/1026 900/1075/1025 1097/1297/1024
f 1095/1295/1022 902/1077/1027 901/1076/1026 1096/1296/1023
f 927/1105/895 877/1051/897 902/1077/1027 1095/1295/1022
f 928/1106/894 927/1105/895 1095/1295/1022 1092/1292/1017
f 929/1107/893 928/1106/894 1092/1292/1017 1089/1289/1016
f 1098/1298/1028 1101/1302/1029 1102/1303/1030 1099/1299/1031
f 1099/1299/1031 1102/1303/1030 1103/1305/1032 1100/1300/1033
f 1101/1301/1029 1104/1307/1034 1105/1308/1035 1102/1304/1030
f 1102/1304/1030 1105/1308/1035 1106/1309/1036 1103/1306/1032
f 877/1051/897 926/1104/896 1098/1298/1028 902/1077/1027
f 902/1077/1027 1098/1298/1028 1099/1299/1031 901/1076/1026
f 901/1076/1026 1099/1299/1031 1100/1300/1033 900/1075/1025
f 900/1075/1025 1100/1300/1033 969/1148/917 887/1061/916
f 1100/1300/1033 1103/1305/1032 970/1149/922 969/1148/917
f 1103/1306/1032 1106/1309/1036 971/1151/921 970/1150/922
f 1106/1309/1036 906/1081/997 889/1063/821 971/1151/921
f 1105/1308/1035 907/1082/996 906/1081/997 1106/1309/1036
f 1104/1307/1034 908/1083/995 907/1082/996 1105/1308/1035
f 924/1101/899 879/1053/901 908/1083/995 1104/1307/1034
f 925/1102/898 924/1101/899 1104/1307/1034 1101/1301/1029
f 926/1104/896 925/1103/898 1101/1302/1029 1098/1298/1028
f 1107/1310/1037 1110/1314/1038 1111/1315/1039 1108/1311/1040
f 1108/1311/1040 1111/1315/1039 1112/1317/1041 1109/1312/1042
f 1110/1313/1038 1113/1319/1043 1114/1320/1044 1111/1316/1039
f 1111/1316/1039 1114/1320/1044 1115/1321/1045 1112/1318/1041
f 883/1057/972 896/1071/971 1107/1310/1037 948/1127/1046
f 948/1127/1046 1107/1310/1037 1108/1311/1040 949/1128/1047
f 949/1128/1047 1108/1311/1040 1109/1312/1042 950/1129/1048
f 950/1129/1048 1109/1312/1042 972/1152/867 888/1062/866
f 1109/1312/1042 1112/1317/1041 973/1153/881 972/1152/867
f 1112/1318/1041 1115/1321/1045 974/1155/879 973/1154/881
f 1115/1321/1045 909/1084/1012 890/1064/880 974/1155/879
f 1114/1320/1044 910/1085/1011 909/1084/1012 1115/1321/1045
f 1113/1319/1043 911/1086/1010 910/1085/1011 1114/1320/1044
f 894/1068/964 881/1055/963 911/1086/1010 1113/1319/1043
f 895/1069/973 894/1068/964 1113/1319/1043 1110/1313/1038
f 896/1071/971 895/1070/973 1110/1314/1038 1107/1310/1037
f 1116/1322/1049 1119/1325/1050 1120/1326/1051 1117/1323/1052
f 1117/1323/1052 1120/1326/1051 1121/1327/1053 1118/1324/1054
f 1119/1325/1050 1122/1328/1055 1123/1329/1056 1120/1326/1051
f 1120/1326/1051 1123/1329/1056 1124/1330/1057 1121/1327/1053
f 885/1059/905 932/1110/968 1116/1322/1049 944/1123/1000
f 944/1123/1000 1116/1322/1049 1117/1323/1052 943/1122/999
f 943/1122/999 1117/1323/1052 1118/1324/1054 942/1121/998
f 942/1121/998 1118/1324/1054 975/1156/1058 892/1066/835
f 1118/1324/1054 1121/1327/1053 976/1157/1059 975/1156/1058
f 1121/1327/1053 1124/1330/1057 977/1158/1060 976/1157/1059
f 1124/1330/1057 950/1129/1048 888/1062/866 977/1158/1060
f 1123/1329/1056 949/1128/1047 950/1129/1048 1124/1330/1057
f 1122/1328/1055 948/1127/1046 949/1128/1047 1123/1329/1056
f 930/1108/970 883/1057/972 948/1127/1046 1122/1328/1055
f 931/1109/969 930/1108/970 1122/1328/1055 1119/1325/1050
f 932/1110/968 931/1109/969 1119/1325/1050 1116/1322/1049
f 1125/1331/1061 1128/1334/1062 1129/1335/1063 1126/1332/1064
f 1126/1332/1064 1129/1335/1063 1130/1336/1065 1127/1333/1066
f 1128/1334/1062 1131/1337/1067 1132/1338/1068 1129/1335/1063
f 1129/1335/1063 1132/1338/1068 1133/1339/1069 1130/1336/1065
f 892/1066/835 975/1156/1058 1125/1331/1061 978/1159/833
f 978/1159/833 1125/1331/1061 1126/1332/1064 979/1160/832
f 979/1160/832 1126/1332/1064 1127/1333/1066 980/1161/830
f 980/1161/830 1127/1333/1066 981/1162/985 893/1067/831
f 1127/1333/1066 1130/1336/1065 982/1163/984 981/1162/985
f 1130/1336/1065 1133/1339/1069 983/1164/983 982/1163/984
f 1133/1339/1069 905/1080/870 882/1056/872 983/1164/983
f 1132/1338/1068 904/1079/869 905/1080/870 1133/1339/1069
f 1131/1337/1067 903/1078/868 904/1079/869 1132/1338/1068
f 977/1158/1060 888/1062/866 903/1078/868 1131/1337/1067
f 976/1157/1059 977/1158/1060 1131/1337/1067 1128/1334/1062
f 975/1156/1058 976/1157/1059 1128/1334/1062 1125/1331/1061
f 1242/1448/1070 1245/1451/1071 1246/1452/1072 1243/1449/1073
f 1243/1449/1073 1246/1452/1072 1247/1453/1074 1244/1450/1075
f 1245/1451/1071 1248/1454/1076 1249/1455/1077 1246/1452/1072
f 1246/1452/1072 1249/1455/1077 1250/1456/1078 1247/1453/1074
f 1141/1347/1079 1184/1390/1080 1242/1448/1070 1177/1383/1081
f 1177/1383/1081 1242/1448/1070 1243/1449/1073 1176/1382/1082
f 1176/1382/1082 1243/1449/1073 1244/1450/1075 1175/1381/1083
f 1175/1381/1083 1244/1450/1075 1213/1419/1084 1135/1341/1085
f 1244/1450/1075 1247/1453/1074 1212/1418/1086 1213/1419/1084
f 1247/1453/1074 1250/1456/1078 1211/1417/1087 1212/1418/1086
f 1250/1456/1078 1204/1410/1088 1145/1351/1089 1211/1417/1087
f 1249/1455/1077 1203/1409/1090 1204/1410/1088 1250/1456/1078
f 1248/1454/1076 1202/1408/1091 1203/1409/1090 1249/1455/1077
f 1186/1392/1092 1144/1350/1093 1202/1408/1091 1248/1454/1076
f 1185/1391/1094 1186/1392/1092 1248/1454/1076 1245/1451/1071
f 1184/1390/1080 1185/1391/1094 1245/1451/1071 1242/1448/1070
f 1251/1457/1095 1254/1460/1096 1255/1461/1097 1252/1458/1098
f 1252/1458/1098 1255/1461/1097 1256/1462/1099 1253/1459/1100
f 1254/1460/1096 1257/1463/1101 1258/1464/1102 1255/1461/1097
f 1255/1461/1097 1258/1464/1102 1259/1465/1103 1256/1462/1099
f 1146/1352/1104 1158/1364/1105 1251/1457/1095 1241/1447/1106
f 1241/1447/1106 1251/1457/1095 1252/1458/1098 1240/1446/1107
f 1240/1446/1107 1252/1458/1098 1253/1459/1100 1239/1445/1108
f 1239/1445/1108 1253/1459/1100 1208/1414/1109 1150/1356/1110
f 1253/1459/1100 1256/1462/1099 1209/1415/1111 1208/1414/1109
f 1256/1462/1099 1259/1465/1103 1210/1416/1112 1209/1415/1111
f 1259/1465/1103 1211/1417/1087 1145/1351/1089 1210/1416/1112
f 1258/1464/1102 1212/1418/1086 1211/1417/1087 1259/1465/1103
f 1257/1463/1101 1213/1419/1084 1212/1418/1086 1258/1464/1102
f 1160/1366/1113 1135/1341/1085 1213/1419/1084 1257/1463/1101
f 1159/1365/1114 1160/1366/1113 1257/1463/1101 1254/1460/1096
f 1158/1364/1105 1159/1365/1114 1254/1460/1096 1251/1457/1095
f 1260/1466/1115 1263/1469/1116 1264/1470/1117 1261/1467/1118
f 1261/1467/1118 1264/1470/1117 1265/1471/1119 1262/1468/1120
f 1263/1469/1116 1266/1472/1121 1267/1473/1122 1264/1470/1117
f 1264/1470/1117 1267/1473/1122 1268/1474/1123 1265/1471/1119
f 1149/1355/1124 1196/1402/1125 1260/1466/1115 1238/1444/1126
f 1238/1444/1126 1260/1466/1115 1261/1467/1118 1237/1443/1127
f 1237/1443/1127 1261/1467/1118 1262/1468/1120 1236/1442/1128
f 1236/1442/1128 1262/1468/1120 1161/1367/1129 1147/1353/1130
f 1262/1468/1120 1265/1471/1119 1162/1368/1131 1161/1367/1129
f 1265/1471/1119 1268/1474/1123 1163/1369/1132 1162/1368/1131
f 1268/1474/1123 1178/1384/1133 1136/1342/1134 1163/1369/1132
f 1267/1473/1122 1179/1385/1135 1178/1384/1133 1268/1474/1123
f 1266/1472/1121 1180/1386/1136 1179/1385/1135 1267/1473/1122
f 1198/1404/1137 1142/1348/1138 1180/1386/1136 1266/1472/1121
f 1197/1403/1139 1198/1404/1137 1266/1472/1121 1263/1469/1116
f 1196/1402/1125 1197/1403/1139 1263/1469/1116 1260/1466/1115
f 1269/1475/1140 1272/1478/1141 1273/1479/1142 1270/1476/1143
f 1270/1476/1143 1273/1479/1142 1274/1480/1144 1271/1477/1145
f 1272/1478/1141 1275/1481/1146 1276/1482/1147 1273/1479/1142
f 1273/1479/1142 1276/1482/1147 1277/1483/1148 1274/1480/1144
f 1148/1354/1149 1193/1399/1150 1269/1475/1140 1235/1441/1151
f 1235/1441/1151 1269/1475/1140 1270/1476/1143 1234/1440/1152
f 1234/1440/1152 1270/1476/1143 1271/1477/1145 1233/1439/1153
f 1233/1439/1153 1271/1477/1145 1158/1364/1105 1146/1352/1104
f 1271/1477/1145 1274/1480/1144 1159/1365/1114 1158/1364/1105
f 1274/1480/1144 1277/1483/1148 1160/1366/1113 1159/1365/1114
f 1277/1483/1148 1175/1381/1083 1135/1341/1085 1160/1366/1113
f 1276/1482/1147 1176/1382/1082 1175/1381/1083 1277/1483/1148
f 1275/1481/1146 1177/1383/1081 1176/1382/1082 1276/1482/1147
f 1195/1401/1154 1141/1347/1079 1177/1383/1081 1275/1481/1146
f 1194/1400/1155 1195/1401/1154 1275/1481/1146 1272/1478/1141
f 1193/1399/1150 1194/1400/1155 1272/1478/1141 1269/1475/1140
f 1278/1484/1156 1281/1487/1157 1282/1488/1158 1279/1485/1159
f 1279/1485/1159 1282/1488/1158 1283/1489/1160 1280/1486/1161
f 1281/1487/1157 1284/1490/1162 1285/1491/1163 1282/1488/1158
f 1282/1488/1158 1285/1491/1163 1286/1492/1164 1283/1489/1160
f 1143/1349/1165 1190/1396/1166 1278/1484/1156 1183/1389/1167
f 1183/1389/1167 1278/1484/1156 1279/1485/1159 1182/1388/1168
f 1182/1388/1168 1279/1485/1159 1280/1486/1161 1181/1387/1169
f 1181/1387/1169 1280/1486/1161 1164/1370/1170 1138/1344/1171
f 1280/1486/1161 1283/1489/1160 1165/1371/1172 1164/1370/1170
f 1283/1489/1160 1286/1492/1164 1166/1372/1173 1165/1371/1172
f 1286/1492/1164 1172/1378/1174 1134/1340/1175 1166/1372/1173
f 1285/1491/1163 1173/1379/1176 1172/1378/1174 1286/1492/1164
f 1284/1490/1162 1174/1380/1177 1173/1379/1176 1285/1491/1163
f 1192/1398/1178 1139/1345/1179 1174/1380/1177 1284/1490/1162
f 1191/1397/1180 1192/1398/1178 1284/1490/1162 1281/1487/1157
f 1190/1396/1166 1191/1397/1180 1281/1487/1157 1278/1484/1156
f 1287/1493/1181 1290/1496/1182 1291/1497/1183 1288/1494/1184
f 1288/1494/1184 1291/1497/1183 1292/1498/1185 1289/1495/1186
f 1290/1496/1182 1293/1499/1187 1294/1500/1188 1291/1497/1183
f 1291/1497/1183 1294/1500/1188 1295/1501/1189 1292/1498/1185
f 1142/1348/1138 1187/1393/1190 1287/1493/1181 1180/1386/1136
f 1180/1386/1136 1287/1493/1181 1288/1494/1184 1179/1385/1135
f 1179/1385/1135 1288/1494/1184 1289/1495/1186 1178/1384/1133
f 1178/1384/1133 1289/1495/1186 1167/1373/1191 1136/1342/1134
f 1289/1495/1186 1292/1498/1185 1168/1374/1192 1167/1373/1191
f 1292/1498/1185 1295/1501/1189 1169/1375/1193 1168/1374/1192
f 1295/1501/1189 1181/1387/1169 1138/1344/1171 1169/1375/1193
f 1294/1500/1188 1182/1388/1168 1181/1387/1169 1295/1501/1189
f 1293/1499/1187 1183/1389/1167 1182/1388/1168 1294/1500/1188
f 1189/1395/1194 1143/1349/1165 1183/1389/1167 1293/1499/1187
f 1188/1394/1195 1189/1395/1194 1293/1499/1187 1290/1496/1182
f 1187/1393/1190 1188/1394/1195 1290/1496/1182 1287/1493/1181
f 1296/1502/1196 1299/1505/1197 1300/1506/1198 1297/1503/1199
f 1297/1503/1199 1300/1506/1198 1301/1507/1200 1298/1504/1201
f 1299/1505/1197 1302/1508/1202 1303/1509/1203 1300/1506/1198
f 1300/1506/1198 1303/1509/1203 1304/1510/1204 1301/1507/1200
f 1150/1356/1110 1208/1414/1109 1296/1502/1196 1232/1438/1205
f 1232/1438/1205 1296/1502/1196 1297/1503/1199 1231/1437/1206
f 1231/1437/1206 1297/1503/1199 1298/1504/1201 1230/1436/1207
f 1230/1436/1207 1298/1504/1201 1219/1425/1208 1147/1353/1130
f 1298/1504/1201 1301/1507/1200 1218/1424/1209 1219/1425/1208
f 1301/1507/1200 1304/1510/1204 1217/1423/1210 1218/1424/1209
f 1304/1510/1204 1207/1413/1211 1137/1343/1212 1217/1423/1210
f 1303/1509/1203 1206/1412/1213 1207/1413/1211 1304/1510/1204
f 1302/1508/1202 1205/1411/1214 1206/1412/1213 1303/1509/1203
f 1210/1416/1112 1145/1351/1089 1205/1411/1214 1302/1508/1202
f 1209/1415/1111 1210/1416/1112 1302/1508/1202 1299/1505/1197
f 1208/1414/1109 1209/1415/1111 1299/1505/1197 1296/1502/1196
f 1305/1511/1215 1307/1513/1216 1308/1514/1217 1306/1512/1218
f 1307/1513/1216 1309/1515/1219 1310/1516/1220 1308/1514/1217
f 1157/1363/1221 1305/1511/1215 1306/1512/1218 1156/1362/1222
f 1156/1362/1222 1306/1512/1218 1187/1393/1190 1142/1348/1138
f 1306/1512/1218 1308/1514/1217 1188/1394/1195 1187/1393/1190
f 1308/1514/1217 1310/1516/1220 1189/1395/1194 1188/1394/1195
f 1310/1516/1220 1170/1376/1223 1143/1349/1165 1189/1395/1194
f 1309/1515/1219 1171/1377/1224 1170/1376/1223 1310/1516/1220
f 1311/1517/1225 1313/1519/1226 1314/1520/1227 1312/1518/1228
f 1313/1519/1226 1315/1521/1229 1316/1522/1230 1314/1520/1227
f 1171/1377/1224 1311/1517/1225 1312/1518/1228 1170/1376/1223
f 1170/1376/1223 1312/1518/1228 1190/1396/1166 1143/1349/1165
f 1312/1518/1228 1314/1520/1227 1191/1397/1180 1190/1396/1166
f 1314/1520/1227 1316/1522/1230 1192/1398/1178 1191/1397/1180
f 1316/1522/1230 1151/1357/1231 1139/1345/1179 1192/1398/1178
f 1315/1521/1229 1152/1358/1232 1151/1357/1231 1316/1522/1230
f 1318/1524/1233 1320/1526/1234 1321/1527/1235 1319/1525/1236
f 1317/1523/1237 1319/1525/1236 1197/1403/1139 1196/1402/1125
f 1319/1525/1236 1321/1527/1235 1198/1404/1137 1197/1403/1139
f 1321/1527/1235 1156/1362/1222 1142/1348/1138 1198/1404/1137
f 1320/1526/1234 1157/1363/1221 1156/1362/1222 1321/1527/1235
f 1322/1528/1238 1325/1531/1239 1326/1532/1240 1323/1529/1241
f 1323/1529/1241 1326/1532/1240 1327/1533/1242 1324/1530/1243
f 1325/1531/1239 1328/1534/1244 1329/1535/1245 1326/1532/1240
f 1326/1532/1240 1329/1535/1245 1330/1536/1246 1327/1533/1242
f 1144/1350/1093 1199/1405/1247 1322/1528/1238 1202/1408/1091
f 1202/1408/1091 1322/1528/1238 1323/1529/1241 1203/1409/1090
f 1203/1409/1090 1323/1529/1241 1324/1530/1243 1204/1410/1088
f 1204/1410/1088 1324/1530/1243 1205/1411/1214 1145/1351/1089
f 1324/1530/1243 1327/1533/1242 1206/1412/1213 1205/1411/1214
f 1327/1533/1242 1330/1536/1246 1207/1413/1211 1206/1412/1213
f 1330/1536/1246 1155/1361/1248 1137/1343/1212 1207/1413/1211
f 1329/1535/1245 1154/1360/1249 1155/1361/1248 1330/1536/1246
f 1328/1534/1244 1153/1359/1250 1154/1360/1249 1329/1535/1245
f 1201/1407/1251 1140/1346/1252 1153/1359/1250 1328/1534/1244
f 1200/1406/1253 1201/1407/1251 1328/1534/1244 1325/1531/1239
f 1199/1405/1247 1200/1406/1253 1325/1531/1239 1322/1528/1238
f 1331/1537/1254 1333/1539/1255 1334/1540/1256 1332/1538/1257
f 1152/1358/1232 1331/1537/1254 1332/1538/1257 1151/1357/1231
f 1151/1357/1231 1332/1538/1257 1220/1426/1258 1139/1345/1179
f 1332/1538/1257 1334/1540/1256 1221/1427/1259 1220/1426/1258
f 1334/1540/1256 1335/1541/1260 1222/1428/1261 1221/1427/1259
f 1335/1541/1260 1229/1435/1262 1148/1354/1149 1222/1428/1261
f 1336/1542/1263 1339/1545/1264 1340/1546/1265 1337/1543/1266
f 1337/1543/1266 1340/1546/1265 1341/1547/1267 1338/1544/1268
f 1339/1545/1264 1342/1548/1269 1343/1549/1270 1340/1546/1265
f 1340/1546/1265 1343/1549/1270 1344/1550/1271 1341/1547/1267
f 1138/1344/1171 1226/1432/1272 1336/1542/1263 1169/1375/1193
f 1169/1375/1193 1336/1542/1263 1337/1543/1266 1168/1374/1192
f 1168/1374/1192 1337/1543/1266 1338/1544/1268 1167/1373/1191
f 1167/1373/1191 1338/1544/1268 1163/1369/1132 1136/1342/1134
f 1338/1544/1268 1341/1547/1267 1162/1368/1131 1163/1369/1132
f 1341/1547/1267 1344/1550/1271 1161/1367/1129 1162/1368/1131
f 1344/1550/1271 1230/1436/1207 1147/1353/1130 1161/1367/1129
f 1343/1549/1270 1231/1437/1206 1230/1436/1207 1344/1550/1271
f 1342/1548/1269 1232/1438/1205 1231/1437/1206 1343/1549/1270
f 1228/1434/1273 1150/1356/1110 1232/1438/1205 1342/1548/1269
f 1227/1433/1274 1228/1434/1273 1342/1548/1269 1339/1545/1264
f 1226/1432/1272 1227/1433/1274 1339/1545/1264 1336/1542/1263
f 1345/1551/1275 1348/1554/1276 1349/1555/1277 1346/1552/1278
f 1346/1552/1278 1349/1555/1277 1350/1556/1279 1347/1553/1280
f 1348/1554/1276 1351/1557/1281 1352/1558/1282 1349/1555/1277
f 1349/1555/1277 1352/1558/1282 1353/1559/1283 1350/1556/1279
f 1139/1345/1179 1220/1426/1258 1345/1551/1275 1174/1380/1177
f 1174/1380/1177 1345/1551/1275 1346/1552/1278 1173/1379/1176
f 1173/1379/1176 1346/1552/1278 1347/1553/1280 1172/1378/1174
f 1172/1378/1174 1347/1553/1280 1214/1420/1284 1134/1340/1175
f 1347/1553/1280 1350/1556/1279 1215/1421/1285 1214/1420/1284
f 1350/1556/1279 1353/1559/1283 1216/1422/1286 1215/1421/1285
f 1353/1559/1283 1233/1439/1153 1146/1352/1104 1216/1422/1286
f 1352/1558/1282 1234/1440/1152 1233/1439/1153 1353/1559/1283
f 1351/1557/1281 1235/1441/1151 1234/1440/1152 1352/1558/1282
f 1222/1428/1261 1148/1354/1149 1235/1441/1151 1351/1557/1281
f 1221/1427/1259 1222/1428/1261 1351/1557/1281 1348/1554/1276
f 1220/1426/1258 1221/1427/1259 1348/1554/1276 1345/1551/1275
f 1354/1560/1287 1357/1563/1288 1358/1564/1289 1355/1561/1290
f 1355/1561/1290 1358/1564/1289 1359/1565/1291 1356/1562/1292
f 1357/1563/1288 1360/1566/1293 1361/1567/1294 1358/1564/1289
f 1358/1564/1289 1361/1567/1294 1362/1568/1295 1359/1565/1291
f 1140/1346/1252 1223/1429/1296 1354/1560/1287 1153/1359/1250
f 1153/1359/1250 1354/1560/1287 1355/1561/1290 1154/1360/1249
f 1154/1360/1249 1355/1561/1290 1356/1562/1292 1155/1361/1248
f 1155/1361/1248 1356/1562/1292 1217/1423/1210 1137/1343/1212
f 1356/1562/1292 1359/1565/1291 1218/1424/1209 1217/1423/1210
f 1359/1565/1291 1362/1568/1295 1219/1425/1208 1218/1424/1209
f 1362/1568/1295 1236/1442/1128 1147/1353/1130 1219/1425/1208
f 1361/1567/1294 1237/1443/1127 1236/1442/1128 1362/1568/1295
f 1360/1566/1293 1238/1444/1126 1237/1443/1127 1361/1567/1294
f 1225/1431/1297 1149/1355/1124 1238/1444/1126 1360/1566/1293
f 1224/1430/1298 1225/1431/1297 1360/1566/1293 1357/1563/1288
f 1223/1429/1296 1224/1430/1298 1357/1563/1288 1354/1560/1287
f 1363/1569/1299 1366/1572/1300 1367/1573/1301 1364/1570/1302
f 1364/1570/1302 1367/1573/1301 1368/1574/1303 1365/1571/1304
f 1366/1572/1300 1369/1575/1305 1370/1576/1306 1367/1573/1301
f 1367/1573/1301 1370/1576/1306 1371/1577/1307 1368/1574/1303
f 1134/1340/1175 1214/1420/1284 1363/1569/1299 1166/1372/1173
f 1166/1372/1173 1363/1569/1299 1364/1570/1302 1165/1371/1172
f 1165/1371/1172 1364/1570/1302 1365/1571/1304 1164/1370/1170
f 1164/1370/1170 1365/1571/1304 1226/1432/1272 1138/1344/1171
f 1365/1571/1304 1368/1574/1303 1227/1433/1274 1226/1432/1272
f 1368/1574/1303 1371/1577/1307 1228/1434/1273 1227/1433/1274
f 1371/1577/1307 1239/1445/1108 1150/1356/1110 1228/1434/1273
f 1370/1576/1306 1240/1446/1107 1239/1445/1108 1371/1577/1307
f 1369/1575/1305 1241/1447/1106 1240/1446/1107 1370/1576/1306
f 1216/1422/1286 1146/1352/1104 1241/1447/1106 1369/1575/1305
f 1215/1421/1285 1216/1422/1286 1369/1575/1305 1366/1572/1300
f 1214/1420/1284 1215/1421/1285 1366/1572/1300 1363/1569/1299
f 1373/1579/1308 1377/1583/1309 1374/1580/1310
f 1373/1579/1308 1378/1584/1311 1376/1582/1312
f 1373/1579/1308 1379/1586/1313 1375/1581/1314
f 1373/1579/1308 1380/1587/1315 1372/1578/1316
f 1374/1580/1310 1378/1585/1311 1373/1579/1308
f 1376/1582/1312 1379/1586/1313 1373/1579/1308
f 1375/1581/1314 1380/1587/1315 1373/1579/1308
f 1372/1578/1316 1377/1583/1309 1373/1579/1308
f 1384/1591/1317 1389/1596/1318 1388/1595/1319 1383/1590/1320
f 1382/1589/1321 1387/1594/1322 1386/1593/1323 1381/1588/1324
f 1385/1592/1325 1390/1597/1326 1389/1596/1318 1384/1591/1317
f 1383/1590/1320 1388/1595/1319 1387/1594/1322 1382/1589/1321
f 1390/1597/1326 1395/1602/1327 1394/1601/1328 1389/1596/1318
f 1388/1595/1319 1393/1600/1329 1392/1599/1330 1387/1594/1322
f 1389/1596/1318 1394/1601/1328 1393/1600/1329 1388/1595/1319
f 1387/1594/1322 1392/1599/1330 1391/1598/1331 1386/1593/1323
f 1393/1600/1329 1398/1605/1332 1397/1604/1333 1392/1599/1330
f 1394/1601/1328 1399/1606/1334 1398/1605/1332 1393/1600/1329
f 1392/1599/1330 1397/1604/1333 1396/1603/1335 1391/1598/1331
f 1395/1602/1327 1400/1607/1336 1399/1606/1334 1394/1601/1328
f 1399/1606/1334 1404/1611/1337 1403/1610/1338 1398/1605/1332
f 1397/1604/1333 1402/1609/1339 1401/1608/1340 1396/1603/1335
f 1400/1607/1336 1405/1612/1341 1404/1611/1337 1399/1606/1334
f 1398/1605/1332 1403/1610/1338 1402/1609/1339 1397/1604/1333
f 1405/1612/1341 1400/1607/1336 1395/1602/1327 1406/1613/1342
f 1390/1597/1326 1385/1592/1325 1406/1613/1342 1395/1602/1327
f 1407/1614/1343 1391/1598/1331 1396/1603/1335 1401/1608/1340
f 1391/1598/1331 1407/1614/1343 1381/1588/1324 1386/1593/1323
f 1474/1701/1344 1408/1615/1345 1410/1620/1346 1475/1702/1347
f 1475/1702/1347 1410/1620/1346 1412/1623/1348 1476/1703/1349
f 1476/1703/1349 1412/1623/1348 1414/1626/1350 1477/1704/1351
f 1477/1704/1351 1414/1626/1350 1416/1629/1352 1478/1705/1353
f 1478/1705/1353 1416/1629/1352 1418/1632/1354 1479/1706/1355
f 1479/1706/1355 1418/1632/1354 1420/1635/1356 1480/1707/1357
f 1480/1707/1357 1420/1635/1356 1422/1638/1358 1481/1708/1359
f 1481/1708/1359 1422/1638/1358 1424/1641/1360 1482/1709/1361
f 1467/1693/1362 1484/1711/1363 1489/1717/1364 1468/1694/1365
f 1466/1692/1366 1482/1709/1361 1486/1714/1367 1484/1711/1363 1467/1693/1362
f 1468/1694/1365 1489/1717/1364 1492/1720/1368 1469/1695/1369
f 1469/1695/1369 1492/1720/1368 1495/1723/1370 1470/1696/1371
f 1470/1696/1371 1495/1723/1370 1498/1726/1372 1471/1697/1373
f 1471/1697/1373 1498/1726/1372 1501/1730/1374 1472/1698/1375
f 1442/1667/1376 1440/1665/1377 1443/1668/1378
f 1408/1615/1345 1441/1666/1379 1410/1620/1346
f 1472/1698/1375 1501/1730/1374 1502/1731/1380 1483/1710/1381 1473/1699/1382
f 1444/1669/1383 1443/1668/1378 1440/1665/1377
f 1445/1670/1384 1444/1669/1383 1440/1665/1377
f 1446/1671/1385 1445/1670/1384 1440/1665/1377
f 1447/1672/1386 1446/1671/1385 1440/1665/1377
f 1448/1673/1387 1447/1672/1386 1440/1665/1377
f 1449/1674/1388 1448/1673/1387 1440/1665/1377
f 1450/1675/1389 1449/1674/1388 1440/1665/1377
f 1451/1676/1390 1450/1675/1389 1440/1665/1377
f 1452/1677/1391 1451/1676/1390 1440/1665/1377
f 1453/1678/1392 1452/1677/1391 1440/1665/1377
f 1454/1679/1393 1453/1678/1392 1440/1665/1377
f 1455/1680/1394 1454/1679/1393 1440/1665/1377
f 1456/1681/1395 1455/1680/1394 1440/1665/1377
f 1457/1682/1396 1456/1681/1395 1440/1665/1377
f 1442/1667/1376 1457/1682/1396 1440/1665/1377
f 1438/1662/1397 1441/1666/1379 1408/1616/1345
f 1410/1620/1346 1441/1666/1379 1412/1623/1348
f 1412/1623/1348 1441/1666/1379 1414/1626/1350
f 1414/1626/1350 1441/1666/1379 1416/1629/1352
f 1416/1629/1352 1441/1666/1379 1418/1632/1354
f 1418/1632/1354 1441/1666/1379 1420/1635/1356
f 1420/1635/1356 1441/1666/1379 1422/1638/1358
f 1422/1638/1358 1441/1666/1379 1424/1641/1360
f 1424/1641/1360 1441/1666/1379 1426/1644/1398
f 1426/1644/1398 1441/1666/1379 1428/1647/1399
f 1428/1647/1399 1441/1666/1379 1430/1650/1400
f 1430/1650/1400 1441/1666/1379 1432/1653/1401
f 1432/1653/1401 1441/1666/1379 1434/1656/1402
f 1434/1656/1402 1441/1666/1379 1436/1659/1403
f 1436/1659/1403 1441/1666/1379 1438/1662/1397
f 1409/1617/1404 1411/1621/1405 1457/1682/1396 1442/1667/1376
f 1411/1621/1405 1413/1624/1406 1456/1681/1395 1457/1682/1396
f 1413/1624/1406 1415/1627/1407 1455/1680/1394 1456/1681/1395
f 1415/1627/1407 1417/1630/1408 1454/1679/1393 1455/1680/1394
f 1417/1630/1408 1419/1633/1409 1453/1678/1392 1454/1679/1393
f 1419/1633/1409 1421/1636/1410 1452/1677/1391 1453/1678/1392
f 1421/1636/1410 1423/1639/1411 1451/1676/1390 1452/1677/1391
f 1423/1639/1411 1425/1642/1412 1450/1675/1389 1451/1676/1390
f 1425/1642/1412 1427/1645/1413 1449/1674/1388 1450/1675/1389
f 1427/1645/1413 1429/1648/1414 1448/1673/1387 1449/1674/1388
f 1429/1648/1414 1431/1651/1415 1447/1672/1386 1448/1673/1387
f 1431/1651/1415 1433/1654/1416 1446/1671/1385 1447/1672/1386
f 1433/1654/1416 1435/1657/1417 1445/1670/1384 1446/1671/1385
f 1435/1657/1417 1437/1660/1418 1444/1669/1383 1445/1670/1384
f 1437/1660/1418 1439/1663/1419 1443/1668/1378 1444/1669/1383
f 1409/1617/1404 1442/1667/1376 1443/1668/1378 1439/1663/1419
f 1473/1699/1382 1458/1683/1420 1409/1618/1404 1439/1664/1419
f 1483/1710/1381 1474/1700/1344 1458/1683/1420 1473/1699/1382
f 1437/1661/1418 1472/1698/1375 1473/1699/1382 1439/1664/1419
f 1435/1658/1417 1471/1697/1373 1472/1698/1375 1437/1661/1418
f 1433/1655/1416 1470/1696/1371 1471/1697/1373 1435/1658/1417
f 1431/1652/1415 1469/1695/1369 1470/1696/1371 1433/1655/1416
f 1429/1649/1414 1468/1694/1365 1469/1695/1369 1431/1652/1415
f 1427/1646/1413 1467/1693/1362 1468/1694/1365 1429/1649/1414
f 1425/1643/1412 1466/1692/1366 1467/1693/1362 1427/1646/1413
f 1423/1640/1411 1465/1691/1421 1466/1692/1366 1425/1643/1412
f 1421/1637/1410 1464/1690/1422 1465/1691/1421 1423/1640/1411
f 1419/1634/1409 1463/1689/1423 1464/1690/1422 1421/1637/1410
f 1417/1631/1408 1462/1688/1424 1463/1689/1423 1419/1634/1409
f 1415/1628/1407 1461/1687/1425 1462/1688/1424 1417/1631/1408
f 1413/1625/1406 1460/1686/1426 1461/1687/1425 1415/1628/1407
f 1411/1622/1405 1459/1685/1427 1460/1686/1426 1413/1625/1406
f 1409/1619/1404 1458/1684/1420 1459/1685/1427 1411/1622/1405
f 1438/1662/1397 1408/1616/1345 1474/1700/1344 1483/1710/1381
f 1500/1728/1428 1436/1659/1403 1438/1662/1397 1483/1710/1381 1502/1731/1380
f 1497/1725/1429 1434/1656/1402 1436/1659/1403 1500/1728/1428
f 1494/1722/1430 1432/1653/1401 1434/1656/1402 1497/1725/1429
f 1491/1719/1431 1430/1650/1400 1432/1653/1401 1494/1722/1430
f 1488/1716/1432 1428/1647/1399 1430/1650/1400 1491/1719/1431
f 1482/1709/1361 1424/1641/1360 1426/1644/1398 1485/1713/1433 1486/1714/1367
f 1465/1691/1421 1481/1708/1359 1482/1709/1361 1466/1692/1366
f 1464/1690/1422 1480/1707/1357 1481/1708/1359 1465/1691/1421
f 1463/1689/1423 1479/1706/1355 1480/1707/1357 1464/1690/1422
f 1462/1688/1424 1478/1705/1353 1479/1706/1355 1463/1689/1423
f 1461/1687/1425 1477/1704/1351 1478/1705/1353 1462/1688/1424
f 1460/1686/1426 1476/1703/1349 1477/1704/1351 1461/1687/1425
f 1459/1685/1427 1475/1702/1347 1476/1703/1349 1460/1686/1426
f 1458/1684/1420 1474/1701/1344 1475/1702/1347 1459/1685/1427
f 1484/1711/1363 1486/1714/1367 1487/1715/1434
f 1504/1734/1435 1486/1714/1367 1485/1712/1433
f 1505/1735/1436 1502/1731/1380 1503/1732/1437
f 1503/1732/1437 1502/1731/1380 1501/1729/1374
f 1505/1735/1436 1503/1732/1437 1499/1727/1438 1506/1736/1439
f 1503/1732/1437 1501/1730/1374 1498/1726/1372 1499/1727/1438
f 1506/1736/1439 1499/1727/1438 1496/1724/1440 1507/1737/1441
f 1499/1727/1438 1498/1726/1372 1495/1723/1370 1496/1724/1440
f 1507/1737/1441 1496/1724/1440 1493/1721/1442 1508/1738/1443
f 1496/1724/1440 1495/1723/1370 1492/1720/1368 1493/1721/1442
f 1508/1738/1443 1493/1721/1442 1490/1718/1444 1509/1739/1445
f 1493/1721/1442 1492/1720/1368 1489/1717/1364 1490/1718/1444
f 1509/1739/1445 1490/1718/1444 1487/1715/1434 1504/1733/1435
f 1490/1718/1444 1489/1717/1364 1484/1711/1363 1487/1715/1434
f 1485/1713/1433 1426/1644/1398 1428/1647/1399 1488/1716/1432
f 1488/1716/1432 1509/1739/1445 1504/1733/1435 1485/1713/1433
f 1491/1719/1431 1508/1738/1443 1509/1739/1445 1488/1716/1432
f 1494/1722/1430 1507/1737/1441 1508/1738/1443 1491/1719/1431
f 1497/1725/1429 1506/1736/1439 1507/1737/1441 1494/1722/1430
f 1500/1728/1428 1505/1735/1436 1506/1736/1439 1497/1725/1429
f 1487/1715/1434 1486/1714/1367 1504/1734/1435
f 1500/1728/1428 1502/1731/1380 1505/1735/1436
o Plane.001
v -0.310278 -0.802532 2.613556
v 0.243154 -0.758815 2.513636
v -0.308316 -0.828962 2.624534
v 0.253890 -0.808138 2.534587
v -0.306814 -0.849191 2.644818
v 0.261921 -0.845912 2.573260
v -0.306002 -0.860139 2.671321
v 0.266025 -0.866386 2.623767
v -0.306002 -0.860139 2.700008
v 0.265577 -0.866444 2.678418
v -0.306814 -0.849191 2.726511
v 0.260645 -0.846076 2.728893
v -0.308316 -0.828962 2.746795
v 0.251980 -0.808384 2.767509
v -0.310278 -0.802532 2.757773
v 0.240902 -0.759105 2.788386
v -0.312401 -0.773924 2.757773
v 0.229096 -0.705742 2.788345
v -0.314363 -0.747494 2.746795
v 0.218361 -0.656420 2.767394
v -0.315865 -0.727265 2.726511
v 0.210330 -0.618646 2.728721
v -0.316677 -0.716318 2.700008
v 0.206226 -0.598172 2.678215
v -0.316677 -0.716318 2.671321
v 0.206674 -0.598114 2.623563
v -0.315865 -0.727265 2.644818
v 0.211606 -0.618482 2.573088
v -0.314363 -0.747494 2.624534
v 0.220270 -0.656174 2.534472
v -0.312401 -0.773924 2.613556
v 0.231349 -0.705452 2.513596
v 0.336805 -0.710005 2.651839
v -0.589039 -0.815314 2.667933
v 0.302679 -0.738515 2.549021
v 0.293871 -0.698698 2.548991
v 0.285604 -0.661930 2.564568
v 0.279139 -0.633806 2.593381
v 0.275460 -0.618608 2.631043
v 0.275125 -0.618652 2.671820
v 0.278187 -0.633928 2.709506
v 0.284180 -0.662113 2.738361
v 0.292190 -0.698915 2.753994
v 0.300998 -0.738731 2.754024
v 0.309264 -0.775500 2.738447
v 0.315730 -0.803624 2.709634
v 0.319409 -0.818821 2.671972
v 0.319744 -0.818778 2.631195
v 0.316682 -0.803501 2.593510
v 0.310689 -0.775316 2.564654
v -0.045609 -0.774641 2.552427
v -0.042695 -0.813899 2.568732
v -0.040465 -0.843945 2.598861
v -0.039258 -0.860206 2.638226
v -0.039258 -0.860206 2.680835
v -0.040465 -0.843945 2.720200
v -0.042695 -0.813899 2.750329
v -0.045609 -0.774641 2.766635
v -0.048763 -0.732150 2.766635
v -0.051677 -0.692892 2.750329
v -0.053908 -0.662846 2.720200
v -0.055115 -0.646585 2.680835
v -0.055115 -0.646585 2.638226
v -0.053908 -0.662846 2.598861
v -0.051677 -0.692892 2.568732
v -0.048763 -0.732150 2.552427
v -0.177944 -0.788587 2.582991
v -0.175506 -0.821430 2.596633
v -0.173640 -0.846568 2.621840
v -0.172630 -0.860172 2.654774
v -0.172630 -0.860172 2.690421
v -0.173640 -0.846568 2.723355
v -0.175506 -0.821430 2.748562
v -0.177944 -0.788587 2.762204
v -0.180582 -0.753037 2.762204
v -0.180582 -0.753037 2.582991
v -0.109019 -0.704811 2.749557
v -0.257021 -0.735575 2.747566
v -0.180586 -0.752991 2.762185
v -0.176955 -0.741577 2.742885
v -0.258652 -0.713196 2.725132
v -0.111120 -0.676916 2.721578
v -0.145504 -0.716169 2.727565
v -0.259476 -0.701068 2.695815
v -0.112316 -0.661835 2.685028
v -0.146514 -0.702565 2.694631
v -0.259388 -0.701044 2.664073
v -0.112404 -0.661859 2.645475
v -0.140028 -0.706593 2.652623
v -0.258418 -0.713138 2.634740
v -0.111354 -0.676973 2.608939
v -0.139019 -0.720197 2.619689
v -0.256730 -0.735515 2.612291
v -0.109310 -0.704872 2.580975
v -0.180586 -0.752991 2.583010
v -0.180818 -0.738097 2.602829
v -0.220252 -0.736933 2.743793
v -0.218774 -0.736806 2.607560
v -0.232133 -0.730111 2.653586
v -0.233123 -0.717262 2.684719
v -0.233167 -0.717274 2.718414
v -0.232250 -0.730140 2.749540
vn -0.1995 -0.2065 -0.9579
vn -0.1400 -0.5589 -0.8174
vn -0.1454 -0.5642 -0.8127
vn -0.1886 -0.2096 -0.9594
vn -0.0785 -0.8317 -0.5496
vn -0.1094 -0.8348 -0.5395
vn -0.0243 -0.9807 -0.1938
vn -0.0861 -0.9794 -0.1827
vn 0.0138 -0.9807 0.1949
vn -0.0789 -0.9762 0.2018
vn 0.0295 -0.8311 0.5553
vn -0.0887 -0.8272 0.5549
vn 0.0204 -0.5555 0.8313
vn -0.1138 -0.5560 0.8233
vn -0.0121 -0.1965 0.9804
vn -0.1504 -0.2046 0.9672
vn -0.0631 0.1906 0.9796
vn -0.1931 0.1739 0.9657
vn -0.1261 0.5489 0.8263
vn -0.1714 0.8184 0.5484
vn -0.4189 0.7682 0.4842
vn -0.2565 0.5892 0.7662
vn -0.0792 0.1912 0.9783
vn -0.1144 0.5861 0.8021
vn -0.2084 0.9596 0.1893
vn -0.5252 0.8387 0.1444
vn -0.2318 0.9529 -0.1958
vn -0.5729 0.7993 -0.1815
vn -0.2383 0.8012 -0.5489
vn -0.5407 0.7372 -0.4053
vn -0.2269 0.5282 -0.8183
vn -0.4061 0.5954 -0.6932
vn 0.7533 0.0311 -0.6569
vn 0.6964 0.2886 -0.6571
vn 0.9764 0.2160 0.0082
vn -0.9937 -0.0954 -0.0594
vn -0.1991 0.1748 -0.9643
vn -0.2482 0.1714 -0.9534
vn -0.2805 0.5215 -0.8058
vn 0.6429 0.5265 -0.5563
vn 0.6011 0.7084 -0.3699
vn 0.5773 0.8067 -0.1263
vn 0.5751 0.8065 0.1375
vn 0.5949 0.7076 0.3812
vn 0.6337 0.5253 0.5679
vn 0.6855 0.2872 0.6690
vn 0.7425 0.0297 0.6692
vn 0.7959 -0.2082 0.5685
vn 0.8378 -0.3901 0.3821
vn 0.8616 -0.4884 0.1384
vn 0.8637 -0.4881 -0.1253
vn 0.8439 -0.3893 -0.3691
vn 0.8051 -0.2070 -0.5558
vn -0.2321 0.1733 -0.9571
vn -0.2356 0.5226 0.8194
vn -0.2716 0.7893 0.5507
vn -0.2955 0.9342 0.1998
vn -0.3036 0.9355 -0.1809
vn -0.2944 0.7923 -0.5344
vn -0.2693 0.5251 -0.8073
vn 0.2102 -0.1549 -0.9653
vn 0.2665 -0.5061 -0.8202
vn 0.3116 -0.7756 -0.5490
vn 0.3378 -0.9212 -0.1930
vn 0.3408 -0.9202 0.1925
vn 0.3206 -0.7729 0.5476
vn 0.2810 -0.5025 0.8176
vn 0.2288 -0.1513 0.9617
vn 0.1723 0.2266 0.9586
vn 0.1197 0.5737 0.8103
vn 0.0782 0.8380 0.5400
vn 0.0533 0.9806 0.1888
vn 0.0485 0.9804 -0.1911
vn 0.0649 0.8372 -0.5430
vn 0.1009 0.5719 -0.8141
vn 0.1519 0.2237 -0.9628
vn -0.1589 -0.2066 -0.9654
vn -0.0379 -0.1990 0.9793
vn -0.0087 -0.5599 0.8285
vn 0.0036 -0.8348 0.5505
vn -0.0031 -0.9819 0.1896
vn -0.0276 -0.9799 -0.1977
vn -0.0660 -0.8311 -0.5522
vn -0.1121 -0.5595 -0.8212
vn -0.1061 0.6646 -0.7396
vn 0.0904 0.8806 -0.4651
vn 0.1774 0.9605 -0.2143
vn 0.1099 0.9828 0.1488
vn -0.0183 0.8452 0.5341
vn -0.1188 0.5095 0.8522
vn -0.1174 0.6595 0.7425
vn 0.1028 0.5745 0.8121
vn -0.0119 0.8854 -0.4646
vn -0.2641 0.8566 -0.4434
vn 0.1900 0.9192 -0.3449
vn -0.5672 0.7781 -0.2699
vn 0.2240 0.9617 -0.1578
vn -0.5897 0.7757 -0.2250
vn 0.1234 0.9624 0.2421
vn -0.4807 0.8661 0.1371
vn -0.0310 0.6635 0.7475
vn -0.3931 0.7694 0.5035
vt 0.370808 0.960724
vt 0.470430 0.865962
vt 0.102940 0.825917
vt 0.408016 0.675276
vt 0.183596 0.887237
vt 0.373350 0.950966
vt 0.144560 0.825342
vt 0.190384 0.868723
vt 0.376498 0.941757
vt 0.183236 0.809022
vt 0.198707 0.850869
vt 0.380157 0.933092
vt 0.212988 0.779099
vt 0.208675 0.833867
vt 0.384259 0.924947
vt 0.229151 0.739970
vt 0.220241 0.817924
vt 0.388771 0.917287
vt 0.229151 0.697539
vt 0.233227 0.803130
vt 0.393688 0.910082
vt 0.212906 0.658267
vt 0.247375 0.789444
vt 0.398951 0.903277
vt 0.182838 0.628156
vt 0.262389 0.776695
vt 0.404684 0.896881
vt 0.143492 0.611821
vt 0.277984 0.764624
vt 0.410933 0.890913
vt 0.100844 0.611787
vt 0.293907 0.752939
vt 0.417742 0.885415
vt 0.061387 0.628100
vt 0.309967 0.741388
vt 0.425146 0.880447
vt 0.031142 0.658322
vt 0.326116 0.729864
vt 0.433158 0.876081
vt 0.014760 0.697904
vt 0.342222 0.718325
vt 0.441764 0.872390
vt 0.014837 0.740871
vt 0.358330 0.706865
vt 0.450918 0.869437
vt 0.031563 0.780690
vt 0.374567 0.695677
vt 0.460487 0.867298
vt 0.062762 0.811155
vt 0.391104 0.685034
vt 0.122317 0.718988
vt 0.470430 0.965592
vt 0.111686 0.779415
vt 0.089899 0.769872
vt 0.072541 0.753809
vt 0.062831 0.732127
vt 0.062278 0.708338
vt 0.070928 0.686164
vt 0.087420 0.669013
vt 0.109214 0.659497
vt 0.132973 0.659052
vt 0.155077 0.667728
vt 0.172169 0.684187
vt 0.181662 0.705918
vt 0.182133 0.729614
vt 0.173532 0.751694
vt 0.157173 0.768849
vt 0.135504 0.778549
vt 0.444927 0.772771
vt 0.278259 0.932414
vt 0.284775 0.918762
vt 0.292089 0.905613
vt 0.300120 0.892900
vt 0.308716 0.880583
vt 0.317770 0.868619
vt 0.327202 0.856988
vt 0.337012 0.845720
vt 0.347134 0.834865
vt 0.357594 0.824497
vt 0.368441 0.814705
vt 0.379703 0.805551
vt 0.391492 0.797161
vt 0.403867 0.789628
vt 0.416865 0.783032
vt 0.430574 0.777404
vt 0.457679 0.819366
vt 0.324534 0.946569
vt 0.329062 0.934864
vt 0.334294 0.923685
vt 0.340139 0.912996
vt 0.346488 0.902765
vt 0.353271 0.892953
vt 0.360445 0.883535
vt 0.367981 0.874498
vt 0.375909 0.865873
vt 0.445530 0.822351
vt 0.369237 0.838995
vt 0.047415 0.712928
vt 0.399289 0.876415
vt 0.039699 0.714663
vt 0.375921 0.865862
vt 0.043135 0.710568
vt 0.043557 0.713796
vt 0.406974 0.869972
vt 0.039940 0.717478
vt 0.379208 0.830149
vt 0.047795 0.716651
vt 0.043868 0.717064
vt 0.415208 0.864068
vt 0.040061 0.720345
vt 0.389641 0.821930
vt 0.048050 0.720394
vt 0.044055 0.720369
vt 0.424032 0.858795
vt 0.040043 0.723262
vt 0.400618 0.814446
vt 0.048156 0.724159
vt 0.044100 0.723710
vt 0.433454 0.854241
vt 0.039877 0.726217
vt 0.412177 0.807778
vt 0.048101 0.727945
vt 0.043989 0.727081
vt 0.443447 0.850480
vt 0.039552 0.729193
vt 0.424336 0.801989
vt 0.047873 0.731745
vt 0.445514 0.822356
vt 0.043266 0.733857
vt 0.043713 0.730469
vt 0.041616 0.714197
vt 0.041632 0.729831
vt 0.041933 0.726649
vt 0.042072 0.723486
vt 0.042058 0.720357
vt 0.041904 0.717271
s 1
usemtl Material
f 1576/1826/1446 1577/1827/1447 1512/1745/1448 1510/1740/1449
f 1577/1827/1447 1578/1828/1450 1514/1748/1451 1512/1745/1448
f 1578/1828/1450 1579/1829/1452 1516/1751/1453 1514/1748/1451
f 1579/1829/1452 1580/1830/1454 1518/1754/1455 1516/1751/1453
f 1580/1830/1454 1581/1831/1456 1520/1757/1457 1518/1754/1455
f 1581/1831/1456 1582/1832/1458 1522/1760/1459 1520/1757/1457
f 1582/1832/1458 1583/1833/1460 1524/1763/1461 1522/1760/1459
f 1583/1833/1460 1584/1834/1462 1526/1766/1463 1524/1763/1461
f 1569/1818/1464 1570/1819/1465 1591/1845/1466 1586/1836/1467
f 1568/1817/1468 1569/1818/1464 1586/1836/1467 1588/1840/1469 1584/1834/1462
f 1570/1819/1465 1571/1820/1470 1594/1850/1471 1591/1845/1466
f 1571/1820/1470 1572/1821/1472 1597/1855/1473 1594/1850/1471
f 1572/1821/1472 1573/1822/1474 1600/1860/1475 1597/1855/1473
f 1573/1822/1474 1574/1823/1476 1603/1865/1477 1600/1860/1475
f 1544/1792/1478 1545/1793/1479 1542/1790/1480
f 1510/1740/1449 1512/1745/1448 1543/1791/1481
f 1574/1823/1476 1575/1824/1482 1585/1835/1483 1604/1867/1484 1603/1865/1477
f 1546/1794/1485 1542/1790/1480 1545/1793/1479
f 1547/1795/1486 1542/1790/1480 1546/1794/1485
f 1548/1796/1487 1542/1790/1480 1547/1795/1486
f 1549/1797/1488 1542/1790/1480 1548/1796/1487
f 1550/1798/1489 1542/1790/1480 1549/1797/1488
f 1551/1799/1490 1542/1790/1480 1550/1798/1489
f 1552/1800/1491 1542/1790/1480 1551/1799/1490
f 1553/1801/1492 1542/1790/1480 1552/1800/1491
f 1554/1802/1493 1542/1790/1480 1553/1801/1492
f 1555/1803/1494 1542/1790/1480 1554/1802/1493
f 1556/1804/1495 1542/1790/1480 1555/1803/1494
f 1557/1805/1496 1542/1790/1480 1556/1804/1495
f 1558/1806/1497 1542/1790/1480 1557/1805/1496
f 1559/1807/1498 1542/1790/1480 1558/1806/1497
f 1544/1792/1478 1542/1790/1480 1559/1807/1498
f 1540/1787/1499 1510/1741/1449 1543/1791/1481
f 1512/1745/1448 1514/1748/1451 1543/1791/1481
f 1514/1748/1451 1516/1751/1453 1543/1791/1481
f 1516/1751/1453 1518/1754/1455 1543/1791/1481
f 1518/1754/1455 1520/1757/1457 1543/1791/1481
f 1520/1757/1457 1522/1760/1459 1543/1791/1481
f 1522/1760/1459 1524/1763/1461 1543/1791/1481
f 1524/1763/1461 1526/1766/1463 1543/1791/1481
f 1526/1766/1463 1528/1769/1500 1543/1791/1481
f 1528/1769/1500 1530/1772/1501 1543/1791/1481
f 1530/1772/1501 1532/1775/1502 1543/1791/1481
f 1532/1775/1502 1534/1778/1503 1543/1791/1481
f 1534/1778/1503 1536/1781/1504 1543/1791/1481
f 1536/1781/1504 1538/1784/1505 1543/1791/1481
f 1538/1784/1505 1540/1787/1499 1543/1791/1481
f 1511/1742/1506 1544/1792/1478 1559/1807/1498 1513/1746/1507
f 1513/1746/1507 1559/1807/1498 1558/1806/1497 1515/1749/1508
f 1515/1749/1508 1558/1806/1497 1557/1805/1496 1517/1752/1509
f 1517/1752/1509 1557/1805/1496 1556/1804/1495 1519/1755/1510
f 1519/1755/1510 1556/1804/1495 1555/1803/1494 1521/1758/1511
f 1521/1758/1511 1555/1803/1494 1554/1802/1493 1523/1761/1512
f 1523/1761/1512 1554/1802/1493 1553/1801/1492 1525/1764/1513
f 1525/1764/1513 1553/1801/1492 1552/1800/1491 1527/1767/1514
f 1527/1767/1514 1552/1800/1491 1551/1799/1490 1529/1770/1515
f 1529/1770/1515 1551/1799/1490 1550/1798/1489 1531/1773/1516
f 1531/1773/1516 1550/1798/1489 1549/1797/1488 1533/1776/1517
f 1533/1776/1517 1549/1797/1488 1548/1796/1487 1535/1779/1518
f 1535/1779/1518 1548/1796/1487 1547/1795/1486 1537/1782/1519
f 1537/1782/1519 1547/1795/1486 1546/1794/1485 1539/1785/1520
f 1539/1785/1520 1546/1794/1485 1545/1793/1479 1541/1788/1521
f 1511/1742/1506 1541/1788/1521 1545/1793/1479 1544/1792/1478
f 1575/1824/1482 1541/1789/1521 1511/1743/1506 1560/1808/1522
f 1585/1835/1483 1575/1824/1482 1560/1808/1522 1576/1825/1446
f 1539/1786/1520 1541/1789/1521 1575/1824/1482 1574/1823/1476
f 1537/1783/1519 1539/1786/1520 1574/1823/1476 1573/1822/1474
f 1535/1780/1518 1537/1783/1519 1573/1822/1474 1572/1821/1472
f 1533/1777/1517 1535/1780/1518 1572/1821/1472 1571/1820/1470
f 1531/1774/1516 1533/1777/1517 1571/1820/1470 1570/1819/1465
f 1529/1771/1515 1531/1774/1516 1570/1819/1465 1569/1818/1464
f 1527/1768/1514 1529/1771/1515 1569/1818/1464 1568/1817/1468
f 1525/1765/1513 1527/1768/1514 1568/1817/1468 1567/1816/1523
f 1523/1762/1512 1525/1765/1513 1567/1816/1523 1566/1815/1524
f 1521/1759/1511 1523/1762/1512 1566/1815/1524 1565/1814/1525
f 1519/1756/1510 1521/1759/1511 1565/1814/1525 1564/1813/1526
f 1517/1753/1509 1519/1756/1510 1564/1813/1526 1563/1812/1527
f 1515/1750/1508 1517/1753/1509 1563/1812/1527 1562/1811/1528
f 1513/1747/1507 1515/1750/1508 1562/1811/1528 1561/1810/1529
f 1511/1744/1506 1513/1747/1507 1561/1810/1529 1560/1809/1522
f 1540/1787/1499 1585/1835/1483 1576/1825/1446 1510/1741/1449
f 1602/1863/1530 1604/1867/1484 1585/1835/1483 1540/1787/1499 1538/1784/1505
f 1599/1858/1531 1602/1863/1530 1538/1784/1505 1536/1781/1504
f 1596/1853/1532 1599/1858/1531 1536/1781/1504 1534/1778/1503
f 1593/1848/1533 1596/1853/1532 1534/1778/1503 1532/1775/1502
f 1590/1843/1534 1593/1848/1533 1532/1775/1502 1530/1772/1501
f 1584/1834/1462 1588/1840/1469 1587/1838/1535 1528/1769/1500 1526/1766/1463
f 1567/1816/1523 1568/1817/1468 1584/1834/1462 1583/1833/1460
f 1566/1815/1524 1567/1816/1523 1583/1833/1460 1582/1832/1458
f 1565/1814/1525 1566/1815/1524 1582/1832/1458 1581/1831/1456
f 1564/1813/1526 1565/1814/1525 1581/1831/1456 1580/1830/1454
f 1563/1812/1527 1564/1813/1526 1580/1830/1454 1579/1829/1452
f 1562/1811/1528 1563/1812/1527 1579/1829/1452 1578/1828/1450
f 1561/1810/1529 1562/1811/1528 1578/1828/1450 1577/1827/1447
f 1560/1809/1522 1561/1810/1529 1577/1827/1447 1576/1826/1446
f 1586/1837/1467 1589/1842/1536 1588/1841/1469
f 1606/1870/1537 1587/1839/1535 1588/1841/1469
f 1607/1871/1538 1605/1869/1539 1604/1868/1484
f 1605/1869/1539 1603/1866/1477 1604/1868/1484
f 1607/1871/1538 1608/1872/1540 1601/1862/1541 1605/1869/1539
f 1605/1869/1539 1601/1862/1541 1600/1861/1475 1603/1866/1477
f 1608/1872/1540 1609/1873/1542 1598/1857/1543 1601/1862/1541
f 1601/1862/1541 1598/1857/1543 1597/1856/1473 1600/1861/1475
f 1609/1873/1542 1610/1874/1544 1595/1852/1545 1598/1857/1543
f 1598/1857/1543 1595/1852/1545 1594/1851/1471 1597/1856/1473
f 1610/1874/1544 1611/1875/1546 1592/1847/1547 1595/1852/1545
f 1595/1852/1545 1592/1847/1547 1591/1846/1466 1594/1851/1471
f 1611/1875/1546 1606/1870/1537 1589/1842/1536 1592/1847/1547
f 1592/1847/1547 1589/1842/1536 1586/1837/1467 1591/1846/1466
f 1587/1838/1535 1590/1843/1534 1530/1772/1501 1528/1769/1500
f 1590/1844/1534 1587/1839/1535 1606/1870/1537 1611/1875/1546
f 1593/1849/1533 1590/1844/1534 1611/1875/1546 1610/1874/1544
f 1596/1854/1532 1593/1849/1533 1610/1874/1544 1609/1873/1542
f 1599/1859/1531 1596/1854/1532 1609/1873/1542 1608/1872/1540
f 1602/1864/1530 1599/1859/1531 1608/1872/1540 1607/1871/1538
f 1589/1842/1536 1606/1870/1537 1588/1841/1469
f 1602/1864/1530 1607/1871/1538 1604/1868/1484
